Experimento,Temp,fim,consumo_medio,consumo_p95,Velo_std,Tau_std,freio_frac,Gear_moda,Velo_media,Acc_media,Brake_media,n_media,Tau_media,Pi_1_media,Pi_2_media,Pi_3_media,Pi_8_media,grupo_sensores,grupo_Pi
D1T1A,1.0,30.0,4.953333333333332,13.639999999999997,3.5320351501036797,153.1846235393386,0.3,1.0,1.8993489583333334,12.319999999999999,16.386666666666667,11.288333333766666,267.73333333333335,12.319999999999999,16.386666666666667,0.9333333333333333,0.8395861841359875,0,1
D1T1A,31.0,60.0,6.864999999999998,11.62,1.0318627260236646,146.75488256121346,0.0,1.0,14.501692708333334,33.68,0.0,15.176250000333335,267.73333333333335,33.68,0.0,1.0,0.8414842320146415,0,1
D1T1A,61.0,90.0,3.8283333333333336,10.205,6.336516566136741,105.84214661466386,0.4,1.0,10.265104166666667,11.746666666666666,11.146666666666668,12.14743055466667,188.8,11.746666666666666,11.146666666666668,1.0,0.8401786077995685,0,1
D1T1A,91.0,120.0,3.856666666666667,18.344999999999988,6.071440610444486,238.3492861793847,0.4666666666666667,1.0,12.428645833333333,14.666666666666666,32.559999999999995,13.3304861118,173.86666666666667,14.666666666666666,32.559999999999995,1.3333333333333333,0.8384722027235714,0,1
D1T1A,121.0,150.0,0.12833333333333333,1.019999999999996,3.69865252040733,30.563304068041393,1.0,2.0,18.201953125,0.0,33.986666666666665,15.254583334766668,8.533333333333333,0.0,33.986666666666665,1.9666666666666666,0.8375859890495578,0,1
D1T1A,151.0,180.0,17.58,34.495,12.398774722280058,403.32872724642647,0.4,4.0,31.718359375,52.88,34.586666666666666,18.135555555566665,598.9333333333333,52.88,34.586666666666666,2.8666666666666667,0.8373666292292571,1,1
D1T1A,181.0,210.0,33.10666666666667,49.725,2.6771188490672673,354.78855048543426,0.43333333333333335,4.0,49.58828125,74.62666666666668,44.2,22.58166666733334,960.5333333333333,74.62666666666668,44.2,4.0,0.834665295088501,1,0
D1T1A,211.0,240.0,26.205,48.56,4.0432768350811905,489.9777772738497,0.23333333333333334,4.0,38.921875,67.2,23.8,20.04666666666667,861.3333333333334,67.2,23.8,3.6,0.8316484865100036,1,0
D1T1A,241.0,270.0,3.0083333333333333,22.939999999999998,4.494288088280992,250.57359974444412,0.6666666666666666,4.0,53.12161458333333,6.773333333333334,32.6,24.247291666000002,75.73333333333333,6.773333333333334,32.6,4.0,0.8319196044530879,1,1
D1T1A,271.0,300.0,26.131666666666668,46.589999999999996,1.4298881348290853,437.6613404093271,0.3,4.0,53.03515625,63.30666666666668,30.6,24.196180555,704.5333333333333,63.30666666666668,30.6,4.0,0.8318636339125791,1,0
D1T1A,301.0,330.0,19.279999999999998,51.027499999999996,12.90159535297514,482.03538828135385,0.36666666666666664,4.0,41.848697916666666,46.25333333333332,26.053333333333335,21.167916667,535.4666666666667,46.25333333333332,26.053333333333335,3.566666666666667,0.8279023134218454,1,0
D1T1A,331.0,360.0,2.8499999999999996,6.494999999999989,3.908979578007727,47.090645449907456,0.43333333333333335,1.0,1.9063802083333334,3.826666666666667,19.213333333333335,10.606874999533334,174.93333333333334,3.826666666666667,19.213333333333335,1.0,0.8258538109121202,0,1
D1T1A,361.0,390.0,2.273333333333333,2.3,0.0,0.0,0.5,1.0,0.0,0.0,51.0,9.9886805556,160.0,0.0,51.0,1.0,0.8281406003926864,0,1
D1T1A,391.0,420.0,11.623333333333333,42.192499999999995,5.482446050309383,358.1320426881683,0.3333333333333333,1.0,2.9661458333333335,24.786666666666665,34.0,13.815486111366669,404.8,24.786666666666665,34.0,1.0,0.8324641837498393,0,1
D1T1A,421.0,450.0,19.013333333333332,37.38249999999999,3.2751507880495834,278.0856462794631,0.5333333333333333,3.0,26.251302083333332,61.49333333333333,54.4,19.501180556,619.2,61.49333333333333,54.4,2.433333333333333,0.8339245049642264,1,1
D1T1A,451.0,480.0,8.461666666666666,17.1775,0.8158020840648688,123.15727975055131,0.3,3.0,29.90859375,43.34666666666666,30.6,18.544930555333337,306.1333333333333,43.34666666666666,30.6,3.0,0.8320274326399553,1,1
D1T1A,481.0,510.0,16.355,20.8925,1.6827129013794857,143.13716809022347,0.36666666666666664,3.0,26.914713541666668,56.77333333333333,37.4,17.002708333333334,623.4666666666667,56.77333333333333,37.4,2.966666666666667,0.8302738283932851,1,0
D1T1A,511.0,540.0,16.76833333333333,33.152499999999996,3.439832564130783,320.4725399919451,0.26666666666666666,2.0,24.318359375,52.53333333333333,27.2,18.929444444666668,573.8666666666667,52.53333333333333,27.2,2.2333333333333334,0.8290233885563132,1,1
D1T1A,541.0,570.0,5.486666666666666,26.07749999999999,6.105296115301663,345.7036881492588,0.6333333333333333,2.0,26.908203125,17.333333333333332,10.733333333333333,20.67930555633334,182.4,17.333333333333332,10.733333333333333,2.2666666666666666,0.8281026351051886,1,1
D1T1A,571.0,600.0,1.4783333333333333,10.524999999999967,2.2975780506180072,182.82445739621986,0.23333333333333334,4.0,50.878515625,4.453333333333333,4.693333333333333,23.178541666666668,47.46666666666667,4.453333333333333,4.693333333333333,4.0,0.8261603961312418,1,0
D1T1A,601.0,630.0,1.9483333333333333,14.587499999999993,10.616549948665055,196.55413729781648,0.5333333333333333,2.0,31.53125,7.826666666666667,18.040000000000003,19.397013889,76.26666666666667,7.826666666666667,18.040000000000003,2.9,0.8254097951050571,0,1
D1T1A,631.0,660.0,4.395,10.422499999999994,7.8909575227308455,130.68408047229352,0.7333333333333333,2.0,13.008333333333333,16.96,54.946666666666665,13.442777777666665,198.93333333333334,16.96,54.946666666666665,1.6,0.8259174418066547,0,1
D1T1A,661.0,690.0,2.378333333333333,2.6275,0.0,9.6,0.36666666666666664,1.0,0.0,0.0,16.893333333333334,10.010486111133334,163.2,0.0,16.893333333333334,1.0,0.826825628210468,0,1
D1T1A,691.0,720.0,17.881666666666668,31.694999999999997,6.304979319110391,202.50941267561421,0.0,1.0,10.795572916666666,52.79999999999999,0.0,18.750277777766666,580.2666666666667,52.79999999999999,0.0,1.0333333333333334,0.830555567625917,1,1
D1T1A,721.0,750.0,37.385,54.614999999999995,6.476633453205446,343.40040768758564,0.03333333333333333,3.0,27.888151041666667,85.09333333333333,3.4,20.340347222666665,1161.6,85.09333333333333,3.4,2.466666666666667,0.8286427991881197,1,0
D1T1A,751.0,780.0,13.823333333333334,49.81999999999998,4.5376165239022175,528.8870662900435,0.3,3.0,40.71848958333333,35.093333333333334,6.106666666666667,22.620625001000004,414.93333333333334,35.093333333333334,6.106666666666667,3.4,0.8213090611754664,1,0
D1T1A,781.0,810.0,0.25166666666666665,2.3674999999999975,12.662057553999139,53.282642577109485,0.5666666666666667,3.0,31.411848958333334,0.0,10.76,21.225138888333333,17.6,0.0,10.76,2.533333333333333,0.817596246667237,0,1
D1T1A,811.0,840.0,3.0333333333333328,4.404999999999999,3.56268465690106,61.8965445095461,0.5,1.0,3.965625,0.64,15.93333333333333,9.991249999933332,208.53333333333333,0.64,15.93333333333333,1.0,0.8157317768796725,0,1
D1T1A,841.0,870.0,28.726666666666667,45.06749999999999,10.0673775605057,312.38767937007725,0.23333333333333334,3.0,27.458463541666667,73.46666666666667,23.8,20.249166666999997,916.2666666666667,73.46666666666667,23.8,2.533333333333333,0.8164541636270416,1,0
D1T1A,871.0,900.0,7.179999999999999,28.139999999999997,8.969848612785208,301.7087926387886,0.5333333333333333,3.0,25.575520833333332,33.199999999999996,54.4,16.514027777666666,268.26666666666665,33.199999999999996,54.4,2.566666666666667,0.8133271531418046,1,1
D1T1A,901.0,930.0,2.925000000000001,5.409999999999999,4.172473281460913,40.41033971096451,0.9666666666666667,1.0,2.9859375,4.506666666666666,42.0,10.380486110666668,188.26666666666668,4.506666666666666,42.0,1.0,0.8131493253252607,0,1
D1T1A,931.0,960.0,24.361666666666668,42.9925,17.91430942092207,528.6517189984347,0.0,4.0,34.15833333333333,55.8,0.0,21.0817361109,782.4,55.8,0.0,2.9,0.8180453880617006,1,0
D1T1A,961.0,990.0,0.0,0.0,8.742377477207963,0.0,0.03333333333333333,4.0,41.971354166666664,0.0,0.6,20.083055555,0.0,0.0,0.6,3.8,0.8152647755406985,1,0
D1T1A,991.0,1020.0,0.08333333333333333,0.10999999999999943,3.7431962385065547,28.765411328345174,1.0,2.0,18.341666666666665,0.0,39.74666666666666,15.197986111233336,5.866666666666666,0.0,39.74666666666666,2.0,0.8154844588052287,0,1
D1T1A,1021.0,1050.0,4.818333333333333,15.52,12.24307611677338,212.1326209918901,0.5,1.0,22.1484375,20.466666666666665,14.440000000000001,14.565694444233332,215.46666666666667,20.466666666666665,14.440000000000001,2.2,0.817279967046547,0,1
D1T1A,1051.0,1080.0,1.3683333333333334,2.85,12.088013778439674,95.36978324163034,0.7333333333333333,1.0,13.45546875,0.0,34.17333333333333,14.838333334,94.93333333333334,0.0,34.17333333333333,1.6333333333333333,0.8170654263353013,0,1
D1T1A,1081.0,1110.0,10.531666666666668,29.287499999999998,7.966444511987173,286.56680431154854,0.3333333333333333,2.0,17.085026041666666,39.72000000000001,31.10666666666667,17.86548611123333,376.0,39.72000000000001,31.10666666666667,1.6333333333333333,0.8175094871086039,1,1
D1T1A,1111.0,1140.0,20.048333333333336,46.0225,7.820001195943816,435.25489849818655,0.23333333333333334,4.0,32.825130208333334,65.09333333333333,23.8,18.931319444666666,668.8,65.09333333333333,23.8,3.1333333333333333,0.8169017196986474,1,0
D1T1A,1141.0,1170.0,4.5616666666666665,21.13,6.043864291685206,296.20893526923413,0.7333333333333333,4.0,33.38502604166667,15.453333333333335,58.29333333333333,17.832777777999997,160.0,15.453333333333335,58.29333333333333,3.466666666666667,0.8147165548404767,1,1
D1T1A,1171.0,1200.0,1.9999999999999998,2.505,5.955822873798224,55.82448686135263,0.7666666666666667,1.0,3.202864583333333,0.0,44.986666666666665,10.53173611176667,137.6,0.0,44.986666666666665,1.1666666666666667,0.8148877173764209,0,1
D1T1A,1201.0,1230.0,13.215000000000002,46.2625,9.710986811610798,448.2932373644138,0.3333333333333333,1.0,5.942838541666666,30.706666666666667,34.0,13.430902777433333,476.8,30.706666666666667,34.0,1.1666666666666667,0.8160066075554356,0,1
D1T1A,1231.0,1260.0,9.498333333333333,32.727499999999985,3.09815415423627,436.02046842882146,0.4,2.0,33.2015625,27.6,22.30666666666667,21.86479166666667,330.1333333333333,27.6,22.30666666666667,2.8,0.8167622087967409,1,0
D1T1A,1261.0,1290.0,1.53,12.117499999999998,9.519979532969582,152.42513645138138,0.7,4.0,31.345052083333332,6.466666666666667,46.21333333333334,17.434722222999998,53.333333333333336,6.466666666666667,46.21333333333334,3.2,0.8147770480942896,0,1
D1T1A,1291.0,1320.0,2.26,2.4599999999999995,4.10058141581493,29.699532356961818,0.7666666666666667,1.0,2.5259114583333333,0.0,43.34666666666667,10.020486111066667,156.26666666666668,0.0,43.34666666666667,1.0666666666666667,0.8148430125328296,0,1
D1T1A,1321.0,1350.0,5.066666666666667,12.8325,4.860264049346229,141.13596281600235,0.43333333333333335,1.0,2.986067708333333,15.026666666666667,44.2,11.789097222299999,260.8,15.026666666666667,44.2,1.0,0.818272309835234,0,1
D1T1A,1351.0,1380.0,6.106666666666667,9.924999999999999,1.9431683017806614,55.075544078615835,0.6,1.0,13.341666666666667,36.13333333333333,61.2,14.279513889333336,280.53333333333336,36.13333333333333,61.2,1.0,0.8206709796673289,0,1
D1T1A,1381.0,1410.0,3.788333333333333,6.35,3.496076973210057,71.51640060542445,0.6333333333333333,1.0,5.592057291666666,11.8,31.973333333333336,10.400625000166665,246.93333333333334,11.8,31.973333333333336,1.0,0.8206319702602229,0,1
D1T1A,1411.0,1440.0,23.028333333333332,44.955,9.711623753804792,503.6372592341524,0.03333333333333333,3.0,23.181640625,51.90666666666666,0.22666666666666666,19.674583332999998,725.3333333333334,51.90666666666666,0.22666666666666666,2.1333333333333333,0.8219133614237089,1,0
D1T1A,1441.0,1470.0,1.8316666666666663,2.6474999999999986,8.644293349295857,87.72644349846223,0.9333333333333333,1.0,6.945833333333334,1.16,27.2,11.466527777600001,126.93333333333334,1.16,27.2,1.3666666666666667,0.8196507926524369,0,1
D1T1A,1471.0,1500.0,13.905000000000003,20.759999999999994,4.769247250166931,136.0115027815254,0.03333333333333333,2.0,17.171614583333334,53.360000000000014,3.4,18.152361110333334,497.06666666666666,53.360000000000014,3.4,1.5333333333333334,0.8201514077317642,1,0
D1T1A,1501.0,1530.0,9.563333333333333,12.1775,2.4933483185887297,68.7255411037265,0.03333333333333333,1.0,14.688671875,45.32000000000001,3.4,17.09909722166667,360.0,45.32000000000001,3.4,1.2666666666666666,0.8205545229244116,1,1
D1T1A,1531.0,1560.0,16.115,36.527499999999996,5.2982917719856175,325.5500917251018,0.16666666666666666,1.0,12.308203125,49.14666666666667,13.76,16.7304166672,561.0666666666667,49.14666666666667,13.76,1.1333333333333333,0.8188955234892449,1,1
D1T1A,1561.0,1590.0,22.093333333333337,39.582499999999996,2.868102658808391,442.6409631091797,0.4,3.0,30.201432291666666,59.97333333333334,40.8,19.525138888333334,698.6666666666666,59.97333333333334,40.8,2.9,0.8174440195491883,1,0
D1T1A,1591.0,1620.0,17.368333333333332,22.972499999999993,2.5525042701325966,115.24073353925975,0.4666666666666667,3.0,28.855208333333334,58.55999999999999,47.6,18.332847222333335,612.8,58.55999999999999,47.6,2.933333333333333,0.8142480210637759,1,0
D1T1A,1621.0,1650.0,19.41,29.3925,2.079774144781038,309.7491458153409,0.4,3.0,28.815494791666666,58.77333333333333,40.8,18.881250000000005,648.0,58.77333333333333,40.8,2.8333333333333335,0.8125827199888362,1,0
D1T1A,1651.0,1680.0,2.551666666666667,3.197499999999999,7.917157310942061,68.20830838932551,0.6666666666666666,1.0,5.409244791666667,3.506666666666667,42.57333333333334,11.248333333700002,166.4,3.506666666666667,42.57333333333334,1.2333333333333334,0.812952341936365,0,1
D1T1A,1681.0,1710.0,2.3916666666666666,2.6,0.0,7.332121111929346,0.3,1.0,0.0,0.0,30.6,9.996388889,164.8,0.0,30.6,1.0,0.8155756808572953,0,1
D1T1A,1711.0,1740.0,28.076666666666664,51.58,14.331126274694617,501.3472338498428,0.43333333333333335,1.0,16.675651041666665,62.066666666666656,44.2,17.37124999933333,906.1333333333333,62.066666666666656,44.2,1.7666666666666666,0.8219049403807541,1,1
D1T1A,1741.0,1770.0,23.994999999999997,50.98499999999999,4.804836198085749,616.9991320001097,0.36666666666666664,4.0,37.06861979166667,58.440000000000005,37.4,18.813611110666667,788.2666666666667,58.440000000000005,37.4,3.6,0.8186876719504074,1,0
D1T1A,1771.0,1800.0,16.005000000000003,48.442499999999995,6.230344180061295,547.2332673448215,0.6333333333333333,4.0,46.561848958333336,41.85333333333333,41.82666666666667,22.59340277733333,471.46666666666664,41.85333333333333,41.82666666666667,3.8,0.8137500201713892,1,0
D1T1A,1801.0,1830.0,2.2383333333333337,4.06,9.234924573155997,93.96964048741133,0.9,1.0,7.452473958333333,0.0,30.773333333333326,12.106388888766665,156.8,0.0,30.773333333333326,1.2666666666666666,0.8122069734626061,0,1
D1T1A,1831.0,1860.0,6.406666666666667,17.6575,4.727781080361116,209.58371438003797,0.7,1.0,4.038932291666667,17.493333333333332,40.68,11.999930555266667,312.0,17.493333333333332,40.68,1.0,0.8144867229975146,0,1
D1T1A,1861.0,1890.0,12.871666666666666,28.474999999999994,3.690023644752639,247.28786644089294,0.4666666666666667,2.0,17.548307291666667,48.813333333333325,47.6,18.06118055566667,434.6666666666667,48.813333333333325,47.6,1.5666666666666667,0.8166776596430125,1,1
D1T1A,1891.0,1920.0,4.073333333333333,13.274999999999999,2.97409499193458,208.35798254179966,0.6333333333333333,2.0,19.115364583333335,17.040000000000003,55.76,16.367083333666667,146.13333333333333,17.040000000000003,55.76,1.9333333333333333,0.8149989730247846,0,1
D1T1A,1921.0,1950.0,13.65,27.235,3.4903662542896843,345.6481447946741,0.26666666666666666,2.0,20.984895833333333,42.69333333333334,5.466666666666667,17.712638888,465.6,42.69333333333334,5.466666666666667,2.0,0.8146994385868823,1,0
D1T1A,1951.0,1980.0,7.218333333333333,21.059999999999988,6.411265081844604,263.5530222849959,0.4,2.0,21.438411458333334,24.720000000000002,15.386666666666667,17.6100694438,244.26666666666668,24.720000000000002,15.386666666666667,2.066666666666667,0.8146395316993018,1,1
D1T1B,1.0,30.0,8.891666666666664,17.2675,6.430358119686456,150.30540760583287,0.13333333333333333,1.0,10.761979166666666,37.69333333333334,3.24,15.686458334433334,354.1333333333333,37.69333333333334,3.24,1.0,0.8217968037583001,0,1
D1T1B,31.0,60.0,16.756666666666668,28.629999999999995,7.547742445196169,309.0941604107072,0.0,3.0,28.521744791666666,52.813333333333325,0.0,18.181736110333336,592.0,52.813333333333325,0.0,2.8333333333333335,0.8220690553349566,1,0
D1T1B,61.0,90.0,0.3016666666666667,0.0,3.446634222747376,54.56967004562964,0.6666666666666666,2.0,30.955078125,2.7333333333333334,31.85333333333333,20.15694444433333,10.133333333333333,2.7333333333333334,31.85333333333333,2.8666666666666667,0.8194960760016525,0,1
D1T1B,91.0,120.0,2.7416666666666667,19.46249999999999,5.086903385105499,220.63504305123934,0.7,4.0,32.928515625,9.879999999999999,35.86666666666667,19.093263889000003,90.66666666666667,9.879999999999999,35.86666666666667,3.2,0.8193756023681676,1,1
D1T1B,121.0,150.0,1.8683333333333332,2.505,6.904339321190051,65.88555734504087,1.0,1.0,5.045833333333333,0.0,25.09333333333334,10.679027777433335,126.4,0.0,25.09333333333334,1.2333333333333334,0.8197542337876913,0,1
D1T1B,151.0,180.0,13.129999999999999,39.34749999999999,12.44916755450025,411.0419064875124,0.3333333333333333,1.0,11.905989583333334,34.760000000000005,7.96,14.457013888466665,503.46666666666664,34.760000000000005,7.96,1.4666666666666666,0.8218970602396269,0,1
D1T1B,181.0,210.0,0.0,0.0,1.3671825644752182,0.0,0.36666666666666664,3.0,42.31848958333333,0.0,4.786666666666666,24.308611111333327,0.0,0.0,4.786666666666666,3.3,0.8223629711445533,1,0
D1T1B,211.0,240.0,3.146666666666667,17.037499999999998,2.226254947234905,223.1482217919042,0.36666666666666664,4.0,42.728515625,11.066666666666666,2.0533333333333337,21.423680555999997,99.73333333333333,11.066666666666666,2.0533333333333337,3.7,0.8205711049494461,1,0
D1T1B,241.0,270.0,0.455,2.8049999999999997,6.032106200976752,71.01348854658215,1.0,2.0,18.761588541666665,0.0,34.239999999999995,15.294861110233335,31.466666666666665,0.0,34.239999999999995,2.0,0.8198919179402454,0,1
D1T1B,271.0,300.0,2.6666666666666656,3.6049999999999995,2.7226834279739096,34.744527946458305,0.8666666666666667,1.0,8.018098958333333,0.0,30.079999999999995,10.013055556233333,183.46666666666667,0.0,30.079999999999995,1.0,0.8203164440772864,0,1
D1T1B,301.0,330.0,2.313333333333333,2.4,0.07152172009475512,0.0,1.0,1.0,0.01328125,0.0,51.45333333333333,9.997638888800001,160.0,0.0,51.45333333333333,1.0,0.8229087162369282,0,1
D1T1B,331.0,360.0,2.298333333333333,2.35,0.0,0.0,0.5,1.0,0.0,0.0,48.12,9.995972222466666,160.0,0.0,48.12,1.0,0.8253226198618303,0,1
D1T1B,361.0,390.0,3.4933333333333336,5.659999999999999,2.728834851310139,111.93521936072369,0.3333333333333333,1.0,1.6861979166666667,7.92,18.706666666666667,10.097847222366665,235.2,7.92,18.706666666666667,1.0,0.8277276519806056,0,1
D1T1B,391.0,420.0,18.43166666666667,43.0025,7.917824349333182,534.9670976383085,0.3,2.0,24.288411458333332,46.533333333333324,13.879999999999999,18.90833333233333,603.7333333333333,46.533333333333324,13.879999999999999,2.2333333333333334,0.8288424564958863,1,1
D1T1B,421.0,450.0,6.208333333333333,37.162499999999994,5.84182497427675,403.7287538269557,0.13333333333333333,3.0,28.904817708333333,14.733333333333333,0.22666666666666668,17.609513888666665,198.4,14.733333333333333,0.22666666666666668,3.0,0.8257516133030163,1,0
D1T1B,451.0,480.0,1.8816666666666664,2.7275,4.838520670702562,64.62142747486232,0.5333333333333333,1.0,8.448177083333333,0.0,11.746666666666664,10.439861111466668,131.73333333333332,0.0,11.746666666666664,1.2,0.8230828550667811,0,1
D1T1B,481.0,510.0,2.873333333333333,5.8325,1.0267339828022506,89.85519214578285,0.8666666666666667,1.0,0.3497395833333333,3.56,24.013333333333335,10.100972222233334,194.66666666666666,3.56,24.013333333333335,1.0,0.8248099378119613,0,1
D1T1B,511.0,540.0,5.9283333333333355,12.26,2.1492488840328594,138.6717947769721,0.4,1.0,11.868229166666667,27.85333333333334,40.8,13.556111111366667,264.0,27.85333333333334,40.8,1.0,0.827068582535055,0,1
D1T1B,541.0,570.0,10.171666666666665,14.6375,2.136900482477046,50.83201091176045,0.16666666666666666,1.0,12.988151041666667,47.43999999999999,17.0,17.034583333666667,387.2,47.43999999999999,17.0,1.0333333333333334,0.8282646690806603,0,1
D1T1B,571.0,600.0,22.013333333333332,50.88999999999999,6.11167306816987,526.1654323710578,0.43333333333333335,2.0,28.035026041666665,57.013333333333335,31.319999999999997,19.763263889666664,697.0666666666667,57.013333333333335,31.319999999999997,2.566666666666667,0.827196509519964,1,0
D1T1B,601.0,630.0,1.6816666666666664,2.4,7.11719235482058,69.79130795927719,0.6,1.0,6.379166666666666,0.0,24.026666666666664,10.985486110733335,115.2,0.0,24.026666666666664,1.3,0.8233931269093465,0,1
D1T1B,631.0,660.0,2.5366666666666675,2.65,0.0,8.616263691415206,0.0,1.0,0.0,0.0,0.0,9.9975694448,174.4,0.0,0.0,1.0,0.8245756928446505,0,1
D1T1B,661.0,690.0,2.675000000000001,2.7,0.0,6.4,0.0,1.0,0.0,0.0,0.0,10.002013889000002,188.8,0.0,0.0,1.0,0.8276406955776725,0,1
D1T1B,691.0,720.0,6.1816666666666675,13.619999999999996,5.40363260069916,123.83099594025543,0.13333333333333333,1.0,6.585286458333333,25.56,3.0399999999999996,12.545763889766668,314.1333333333333,25.56,3.0399999999999996,1.0,0.8300457315716204,0,1
D1T1B,721.0,750.0,13.618333333333334,40.85499999999998,6.690832923644939,420.46019232899243,0.2,1.0,13.395052083333333,37.86666666666667,4.013333333333334,14.795555555466665,505.6,37.86666666666667,4.013333333333334,1.2333333333333334,0.8312252033029448,1,1
D1T1B,751.0,780.0,7.351666666666666,35.2675,3.4973444210239832,398.58808590099903,0.2,3.0,37.041796875,26.89333333333333,1.1866666666666668,20.480902777666667,241.06666666666666,26.89333333333333,1.1866666666666668,3.433333333333333,0.8307509024606298,1,0
D1T1B,781.0,810.0,7.929999999999999,28.625,3.696487282888649,403.8361824084393,0.23333333333333334,2.0,24.661588541666667,22.74666666666667,4.533333333333333,18.114930554999997,281.06666666666666,22.74666666666667,4.533333333333333,2.4,0.8297194765418349,1,1
D1T1B,811.0,840.0,2.508333333333333,6.684999999999995,7.291712849788642,126.99158327315328,0.8333333333333334,1.0,4.232421875,3.1333333333333333,30.733333333333334,11.1961111108,161.06666666666666,3.1333333333333333,30.733333333333334,1.2,0.8280105215878215,0,1
D1T1B,841.0,870.0,28.185,46.555,11.840053848510728,324.5897513272202,0.36666666666666664,4.0,29.068489583333335,77.83999999999999,37.4,19.750763888666665,910.4,77.83999999999999,37.4,2.6333333333333333,0.8290135269877236,1,0
D1T1B,871.0,900.0,38.195,52.287499999999994,2.589838856544941,442.78263541180365,0.26666666666666666,3.0,37.108723958333336,76.25333333333334,27.2,21.38090277766667,1116.2666666666667,76.25333333333334,27.2,3.2333333333333334,0.8238878727104663,1,0
D1T1B,901.0,930.0,15.694999999999999,39.12499999999999,1.724564467532222,560.6964558079136,0.4666666666666667,4.0,40.12877604166667,39.32,41.413333333333334,18.649513888666668,557.8666666666667,39.32,41.413333333333334,3.933333333333333,0.8186594009020914,1,0
D1T1B,931.0,960.0,9.604999999999999,39.10249999999999,6.795878204565549,506.46901407906705,0.6333333333333333,4.0,34.88828125,22.013333333333332,31.82666666666666,21.223402777999997,315.73333333333335,22.013333333333332,31.82666666666666,3.033333333333333,0.8164902402305716,1,0
D1T1B,961.0,990.0,0.9333333333333335,2.5774999999999997,6.5040464459781475,78.15835776734879,0.8333333333333334,2.0,15.521614583333333,0.0,36.733333333333334,14.061597221833335,62.93333333333333,0.0,36.733333333333334,1.6,0.8174651060152968,0,1
D1T1B,991.0,1020.0,17.663333333333338,46.269999999999996,15.612559490295828,494.7930835769186,0.6,1.0,13.385807291666667,41.67999999999999,45.38666666666666,15.219027778,596.2666666666667,41.67999999999999,45.38666666666666,1.6666666666666667,0.8197605066591545,0,1
D1T1B,1021.0,1050.0,23.491666666666667,55.8975,5.8044798887675535,620.6196759870107,0.3333333333333333,4.0,44.325130208333334,57.97333333333333,18.573333333333334,21.678263889333333,720.5333333333333,57.97333333333333,18.573333333333334,3.7666666666666666,0.8204311753571619,1,0
D1T1B,1051.0,1080.0,25.188333333333333,54.925,9.698982438836037,601.8120193770367,0.4666666666666667,4.0,36.01510416666667,62.66666666666666,47.6,19.773958333666663,769.6,62.66666666666666,47.6,3.3333333333333335,0.8158977229796993,1,0
D1T1B,1081.0,1110.0,10.061666666666667,37.489999999999995,11.591234683140007,518.3890259469448,0.5,2.0,29.468619791666665,24.253333333333334,17.680000000000003,18.783541666999994,344.53333333333336,24.253333333333334,17.680000000000003,2.6666666666666665,0.8135497746825069,1,0
D1T1B,1111.0,1140.0,0.37666666666666665,1.7249999999999985,8.24660796333457,45.471163023026655,0.7666666666666667,2.0,20.398177083333334,0.0,10.706666666666665,15.437916666433331,27.2,0.0,10.706666666666665,1.9333333333333333,0.8155774223817438,0,1
D1T1B,1141.0,1170.0,2.461666666666667,2.9274999999999998,5.029706127159511,21.306649979134058,0.7333333333333333,1.0,4.09921875,0.0,24.453333333333337,9.995763889000001,169.6,0.0,24.453333333333337,1.0,0.8154048177143686,0,1
D1T1B,1171.0,1200.0,4.863333333333334,16.794999999999998,4.93460493453301,158.59023369117727,0.6,1.0,3.0130208333333335,13.120000000000001,13.986666666666668,11.483055555266667,246.93333333333334,13.120000000000001,13.986666666666668,1.0,0.8197112122162349,0,1
D1T1B,1201.0,1230.0,13.633333333333333,26.502499999999998,6.16704771359548,331.8520687829979,0.0,1.0,20.381901041666666,46.24000000000001,0.0,16.096736110333335,505.06666666666666,46.24000000000001,0.0,1.7666666666666666,0.8216273119463948,1,0
D1T1B,1231.0,1260.0,11.926666666666668,31.3525,3.9100378358034185,435.98132477843086,0.0,3.0,32.778255208333334,31.226666666666667,0.0,17.734583333666667,389.8666666666667,31.226666666666667,0.0,3.433333333333333,0.8184484279578632,1,0
D1T1B,1261.0,1290.0,23.18,35.07,3.377916745065509,341.47038915060654,0.0,3.0,27.314973958333333,64.54666666666665,0.0,18.641180555000002,827.2,64.54666666666665,0.0,2.7,0.8165736683554701,1,0
D1T1B,1291.0,1320.0,24.37333333333334,35.802499999999995,5.603522782142228,221.8846146586604,0.0,1.0,19.321875,67.12,0.0,20.38229166733333,791.4666666666667,67.12,0.0,1.7666666666666666,0.8142069507032633,1,0
D1T1B,1321.0,1350.0,38.294999999999995,58.40999999999999,7.135024766838171,392.89114127056735,0.03333333333333333,2.0,28.118229166666666,87.06666666666668,3.4,21.138402777999996,1128.5333333333333,87.06666666666668,3.4,2.433333333333333,0.8129530532626826,1,0
D1T1B,1351.0,1380.0,6.391666666666667,26.977499999999996,3.984058957798629,300.5980409487431,0.0,4.0,50.675390625,19.386666666666663,0.0,23.081944444,186.13333333333333,19.386666666666663,0.0,4.0,0.8117863287604106,1,0
D1T1B,1381.0,1410.0,5.9799999999999995,31.874999999999993,8.603032013815197,387.5333734732475,0.5666666666666667,4.0,41.071875,15.706666666666667,8.346666666666668,21.88708333300001,194.13333333333333,15.706666666666667,8.346666666666668,3.433333333333333,0.8155262606072081,1,0
D1T1B,1411.0,1440.0,1.75,2.7824999999999998,7.799485887935334,90.22007660283947,0.9666666666666667,1.0,7.005729166666667,0.0,52.74666666666667,11.472291666800002,123.73333333333333,0.0,52.74666666666667,1.3666666666666667,0.8164110639463232,0,1
D1T1B,1441.0,1470.0,2.4766666666666666,9.662499999999998,8.513227511161237,163.32979588006046,0.6333333333333333,2.0,23.515364583333334,12.973333333333334,38.22666666666667,19.046944443333327,109.33333333333333,12.973333333333334,38.22666666666667,2.1,0.818439387308885,0,1
D1T1B,1471.0,1500.0,0.0,0.0,3.3066485825936276,0.0,1.0,2.0,20.368619791666667,0.0,33.52,17.17791666633333,0.0,0.0,33.52,2.0,0.8194323855018643,0,1
D1T1B,1501.0,1530.0,4.1883333333333335,30.82749999999999,2.0084164550801398,328.5367965185432,0.7333333333333333,2.0,16.738411458333335,12.906666666666668,29.65333333333334,14.73347222233333,140.8,12.906666666666668,29.65333333333334,1.9,0.8188246601675135,0,1
D1T1B,1531.0,1560.0,31.858333333333334,52.01249999999999,8.004469919756652,469.5844782594738,0.0,4.0,47.93828125,77.30666666666666,0.0,22.899791667333332,933.8666666666667,77.30666666666666,0.0,3.8,0.818151468644219,1,0
D1T1B,1561.0,1590.0,38.666666666666664,59.655,3.7847666373879103,594.6905824787282,0.1,4.0,46.31861979166667,74.74666666666667,4.133333333333334,21.280138889,1117.3333333333333,74.74666666666667,4.133333333333334,4.0,0.8126459101406641,1,0
D1T1B,1591.0,1620.0,0.0,0.0,6.444766166081241,0.0,0.9666666666666667,2.0,22.481640625,0.0,29.53333333333334,17.785138888333332,0.0,0.0,29.53333333333334,2.1666666666666665,0.8107481782684497,0,1
D1T1B,1621.0,1650.0,0.0,0.0,1.572746400354321,0.0,0.8,2.0,21.118359375,0.0,21.413333333333334,17.801319444333338,0.0,0.0,21.413333333333334,2.0,0.8162846084429222,0,1
D1T1B,1651.0,1680.0,11.393333333333334,38.54499999999999,5.5315593418898,557.4555527872454,0.7333333333333333,2.0,29.131640625,27.973333333333333,35.42666666666666,20.704444444666667,396.8,27.973333333333333,35.42666666666666,2.466666666666667,0.8187817520252646,1,1
D1T1B,1681.0,1710.0,26.571666666666665,38.4775,1.3350985286451036,255.60469479256437,0.36666666666666664,4.0,46.311848958333336,68.82666666666667,37.4,21.110416666666666,820.8,68.82666666666667,37.4,4.0,0.815568051906615,1,0
D1T1B,1711.0,1740.0,13.716666666666669,28.822499999999998,11.290315025671616,291.1511558547477,0.4666666666666667,1.0,23.76796875,45.85333333333334,37.61333333333334,19.509097222333335,414.93333333333334,45.85333333333334,37.61333333333334,2.1666666666666665,0.8126859889735923,1,1
D1T1B,1741.0,1770.0,4.16,9.155,5.457917632369274,57.49372912665249,0.6,1.0,10.025260416666667,15.76,45.78666666666666,12.196111110866667,217.06666666666666,15.76,45.78666666666666,1.0,0.8162362345321623,0,1
D1T2,0.0,29.0,7.775,12.16,5.124581319769948,122.18339585321003,0.4666666666666667,1.0,7.379036458333333,32.14666666666667,35.74666666666667,13.948194443999999,349.8666666666667,32.14666666666667,35.74666666666667,1.0,0.8312393407198613,0,1
D1T2,30.0,59.0,3.8166666666666678,9.837499999999999,1.2191570347831138,140.32343591384395,0.43333333333333335,1.0,14.718619791666667,17.613333333333337,36.279999999999994,12.889305556000002,168.0,17.613333333333337,36.279999999999994,1.0,0.8321934892570421,0,1
D1T2,60.0,89.0,4.331666666666667,10.397499999999999,4.270052895298987,97.7165060547887,0.7666666666666667,1.0,3.6920572916666665,12.626666666666667,56.98666666666667,11.007083333899999,256.53333333333336,12.626666666666667,56.98666666666667,1.0,0.8315554086036478,0,1
D1T2,90.0,119.0,10.303333333333333,26.9325,13.821258766542837,319.5356631113341,0.36666666666666664,1.0,26.664973958333334,34.080000000000005,31.866666666666667,15.965486110999999,345.6,34.080000000000005,31.866666666666667,2.4,0.8336799394925298,0,1
D1T2,120.0,149.0,5.1016666666666675,31.55499999999995,1.0697780371778647,335.75821988779694,0.3,4.0,50.31484375,12.453333333333335,30.6,22.923749999,144.53333333333333,12.453333333333335,30.6,4.0,0.8319835598879615,1,0
D1T2,150.0,179.0,38.1,55.3425,5.828714638508066,350.43246932262934,0.4,4.0,48.365234375,77.53333333333335,40.8,22.05083333266667,1082.1333333333334,77.53333333333335,40.8,4.0,0.8284830852459434,1,0
D1T2,180.0,209.0,11.096666666666666,24.307499999999994,1.9444391978359585,319.21503723978924,0.4,4.0,39.47825520833333,35.89333333333333,40.8,17.997777777333337,390.4,35.89333333333333,40.8,4.0,0.8240884982587384,1,0
D1T2,210.0,239.0,4.483333333333333,24.52499999999999,2.751327129682691,235.84250865543493,0.43333333333333335,4.0,54.391796875,14.266666666666664,38.559999999999995,24.800555556000003,114.66666666666667,14.266666666666664,38.559999999999995,4.0,0.8221793209897137,1,0
D1T2,240.0,269.0,29.43833333333333,36.89,2.3966426855593244,137.93035279525034,0.36666666666666664,4.0,52.61888020833333,72.08,37.4,23.976458332333333,775.4666666666667,72.08,37.4,4.0,0.8199223610817171,1,0
D1T2,270.0,299.0,11.060000000000002,33.8075,16.62270081749625,367.5034330905404,0.6333333333333333,4.0,25.428645833333334,30.159999999999993,56.16,17.305069444666668,361.6,30.159999999999993,56.16,2.566666666666667,0.8162884855934277,1,1
D1T2,300.0,329.0,3.119999999999999,5.8275,0.3691485246803169,65.14749078479966,0.9333333333333333,1.0,0.12643229166666667,0.0,38.8,9.992916666466668,211.73333333333332,0.0,38.8,1.0,0.8159617691066768,0,1
D1T2,330.0,359.0,3.4816666666666665,11.257499999999977,0.5202854540226305,145.9824038102614,0.8666666666666667,1.0,0.09661458333333334,5.680000000000001,29.30666666666667,10.3926388886,214.93333333333334,5.680000000000001,29.30666666666667,1.0,0.8184059938940701,0,1
D1T2,360.0,389.0,26.33666666666667,35.175,8.036088285894673,157.45893291762002,0.3,1.0,20.815364583333334,69.94666666666667,30.6,21.35694444366666,813.8666666666667,69.94666666666667,30.6,1.8,0.8216670224090176,1,0
D1T2,390.0,419.0,4.815,16.145,2.9949834885351714,230.52404068411897,0.26666666666666666,3.0,31.834765625,19.133333333333333,27.2,17.451875000333338,152.0,19.133333333333333,27.2,3.3666666666666667,0.81929951027507,1,0
D1T2,420.0,449.0,17.778333333333332,27.064999999999998,2.4201190150676504,181.9096723346202,0.3,3.0,29.341666666666665,58.653333333333336,30.6,18.194791666333334,638.9333333333333,58.653333333333336,30.6,3.0,0.8186800693833961,1,0
D1T2,450.0,479.0,14.553333333333335,25.65999999999999,1.7182719308296082,223.87361513933604,0.4,2.0,22.168489583333333,52.120000000000005,40.8,18.505069444333337,521.0666666666667,52.120000000000005,40.8,2.066666666666667,0.816505203341093,1,1
D1T2,480.0,509.0,2.04,13.602499999999992,5.111822358737055,157.29626682014919,0.7666666666666667,2.0,24.748307291666666,8.146666666666667,37.24,19.24361111066667,66.13333333333334,8.146666666666667,37.24,2.2666666666666666,0.816445296453512,0,1
D1T2,510.0,539.0,3.558333333333333,22.224999999999994,11.614169185353772,158.7336553265669,0.0,4.0,38.881901041666666,15.773333333333333,0.0,19.459166666999998,94.4,15.773333333333333,0.0,3.533333333333333,0.8165137614678896,1,0
D1T2,540.0,569.0,1.69,10.429999999999996,7.569178681011802,116.57939593065127,0.3,4.0,46.77174479166667,7.159999999999999,10.653333333333334,22.733263888666666,42.666666666666664,7.159999999999999,10.653333333333334,3.7666666666666666,0.815889018211694,1,0
D1T2,570.0,599.0,6.455000000000001,16.2775,2.4664664831638254,218.9890306740398,0.5,2.0,17.445182291666665,25.293333333333333,42.773333333333326,17.23215277743333,219.73333333333332,25.293333333333333,42.773333333333326,1.6,0.8161200876352187,0,1
D1T2,600.0,629.0,2.5916666666666663,2.85,1.6492992827000592,16.52472894381831,1.0,1.0,0.5330729166666667,0.0,29.626666666666672,10.006944444566669,176.0,0.0,29.626666666666672,1.0,0.8154218872214013,0,1
D1T2,630.0,659.0,9.93,20.865,5.799231825488668,209.78109225253513,0.4,1.0,5.765755208333333,31.54666666666667,11.44,14.683680555466667,390.4,31.54666666666667,11.44,1.0,0.8178759446658204,0,1
D1T2,660.0,689.0,15.306666666666665,25.369999999999997,3.5569875228387025,202.2655680040476,0.0,1.0,14.025,52.45333333333333,0.0,19.346944444,491.2,52.45333333333333,0.0,1.0,0.8190494154803706,1,1
D1T2,690.0,719.0,37.398333333333326,51.599999999999994,6.941103547493817,266.61599518575196,0.0,3.0,27.26171875,84.93333333333334,0.0,20.574305555666665,1154.6666666666667,84.93333333333334,0.0,2.433333333333333,0.8166191819766798,1,0
D1T2,720.0,749.0,3.1016666666666666,21.644999999999996,6.924082085972835,236.51454265835096,0.16666666666666666,3.0,36.598697916666666,13.146666666666667,5.653333333333332,19.55993055533333,105.06666666666666,13.146666666666667,5.653333333333332,3.4,0.812463734368201,1,0
D1T2,750.0,779.0,2.546666666666667,2.85,5.06780325204445,48.08584915428748,0.4666666666666667,1.0,1.7296875,0.0,17.34666666666667,10.37152777813333,176.53333333333333,0.0,17.34666666666667,1.0666666666666667,0.8143719559379127,0,1
D1T2,780.0,809.0,1.8716666666666668,4.627499999999997,8.974570628845752,107.28354953113733,0.0,1.0,8.565755208333334,0.0,0.0,11.622430555666666,124.8,0.0,0.0,1.1,0.8189691616700999,0,1
D1T2,810.0,839.0,2.985,10.202499999999995,4.93175716480839,164.70331575964772,0.03333333333333333,2.0,18.431770833333335,15.360000000000001,3.4,15.769236110533337,149.86666666666667,15.360000000000001,3.4,1.7,0.8223013906099407,0,1
D1T2,840.0,869.0,4.826666666666666,5.25,1.1761336176616868,29.483253250315204,0.0,1.0,5.181901041666666,2.693333333333334,0.0,9.987083332933333,334.93333333333334,2.693333333333334,0.0,1.0,0.8224304695029602,0,1
D1T2,870.0,899.0,15.475000000000001,25.3175,8.991171946805581,204.16568435137836,0.43333333333333335,1.0,12.298567708333334,45.306666666666665,35.57333333333334,17.013263888466664,547.2,45.306666666666665,35.57333333333334,1.3,0.8232795217770436,0,1
D1T2,900.0,929.0,9.241666666666667,18.114999999999995,3.597525945055466,105.84886500205006,0.3333333333333333,2.0,22.201822916666668,44.57333333333334,34.0,17.024166667,346.1333333333333,44.57333333333334,34.0,2.2666666666666666,0.8217618062963505,0,1
D1T2,930.0,959.0,9.283333333333333,11.997499999999999,1.0593839061741532,43.06811143087449,0.26666666666666666,1.0,12.768359375,44.94666666666667,27.2,16.754652777666667,364.26666666666665,44.94666666666667,27.2,1.0,0.8201633942056842,0,1
D1T2,960.0,989.0,14.551666666666666,25.054999999999993,8.23483215774509,224.9383520483384,0.3,1.0,20.408854166666668,48.973333333333336,30.6,17.917708333,499.73333333333335,48.973333333333336,30.6,1.8333333333333333,0.8196834215212477,1,1
D1T2,990.0,1019.0,0.0,0.0,2.3291576988124914,0.0,0.36666666666666664,4.0,38.6015625,0.0,37.4,17.581458332,0.0,0.0,37.4,4.0,0.8182681774613172,0,0
D1T2,1020.0,1049.0,6.0600000000000005,17.1225,1.7430848548861728,255.08781930063915,0.4,3.0,29.095182291666667,24.266666666666666,40.8,17.853055555333334,217.06666666666666,24.266666666666666,40.8,3.033333333333333,0.8173695741476109,1,1
D1T2,1050.0,1079.0,0.705,5.182499999999999,6.356990104705596,77.25789423885576,0.4666666666666667,2.0,24.178515625,5.52,25.080000000000002,17.93090277766667,29.866666666666667,5.52,25.080000000000002,2.3666666666666667,0.8194645302624103,0,1
D1T2,1080.0,1109.0,0.6716666666666666,2.85,11.826799155019664,78.07278655203746,0.6,2.0,23.821484375,2.3733333333333335,28.759999999999998,16.884444444666666,43.2,2.3733333333333335,28.759999999999998,2.433333333333333,0.8190792484781911,0,1
D1T2,1110.0,1139.0,6.683333333333334,29.572499999999994,3.7581739641389658,252.53431889987195,0.9666666666666667,1.0,1.4162760416666667,11.426666666666666,68.30666666666666,11.539305555433332,311.46666666666664,11.426666666666666,68.30666666666666,1.0,0.8195140509863149,0,1
D1T2,1140.0,1169.0,17.128333333333334,32.1275,6.481678458782052,343.3975085653489,0.26666666666666666,4.0,34.42174479166667,55.960000000000015,27.2,18.534236110666665,591.4666666666667,55.960000000000015,27.2,3.4,0.8209525590092289,1,0
D1T2,1170.0,1199.0,8.941666666666668,24.242499999999996,16.614344966697228,279.11428165219746,0.6333333333333333,4.0,26.701822916666668,29.52,32.266666666666666,15.257847221400002,344.53333333333336,29.52,32.266666666666666,3.033333333333333,0.8171015397580871,1,0
D1T2,1200.0,1229.0,2.348333333333333,2.4,0.0,0.0,1.0,1.0,0.0,0.0,37.89333333333334,9.999930555233334,160.0,0.0,37.89333333333334,1.0,0.8177375735998901,0,1
D1T2,1230.0,1259.0,7.83,27.777499999999993,8.808209091941574,295.68078883973664,0.36666666666666664,1.0,12.425651041666667,25.240000000000002,12.373333333333333,15.424374999600001,284.26666666666665,25.240000000000002,12.373333333333333,1.4666666666666666,0.8204394528427967,0,1
D1T2,1260.0,1289.0,6.333333333333334,15.004999999999999,5.607445819797264,171.2166139394448,0.7,1.0,5.005729166666667,19.88,27.90666666666667,12.6921527782,297.06666666666666,19.88,27.90666666666667,1.0,0.821453708151074,0,1
D1T2,1290.0,1319.0,2.4449999999999994,6.562499999999998,6.903728663214909,79.04316682814665,0.8333333333333334,1.0,6.428645833333333,4.173333333333334,28.000000000000004,11.100625000066668,141.33333333333334,4.173333333333334,28.000000000000004,1.0333333333333334,0.8236524163568774,0,1
D1T2,1320.0,1349.0,3.4499999999999997,5.382499999999999,2.577073994657906,84.76477255715766,0.7333333333333333,1.0,1.666015625,0.64,32.77333333333333,9.962152778266665,240.0,0.64,32.77333333333333,1.0,0.8236266005782735,0,1
D1T2,1350.0,1379.0,8.133333333333333,23.614999999999995,8.605060285295123,345.1375506792747,0.4666666666666667,3.0,27.095052083333332,25.120000000000005,47.6,19.655902777333335,284.26666666666665,25.120000000000005,47.6,2.466666666666667,0.8253233178456559,1,1
D1T2,1380.0,1409.0,4.065,15.994999999999992,2.769390998544839,196.09340178145266,0.3333333333333333,3.0,33.428385416666664,16.959999999999997,34.0,18.136666666999997,130.66666666666666,16.959999999999997,34.0,3.433333333333333,0.8227535083083536,1,1
D1T2,1410.0,1439.0,1.2516666666666665,2.3775,7.7194873507393496,76.25174679237776,0.6666666666666666,1.0,12.141927083333334,0.0,21.440000000000005,11.649097221566668,89.06666666666666,0.0,21.440000000000005,1.6,0.822663091105095,0,1
D1T2,1440.0,1469.0,3.1133333333333337,7.36999999999999,1.33462096028756,111.30706276882084,0.9,1.0,0.45651041666666664,3.8399999999999994,32.64,10.183055555900001,206.93333333333334,3.8399999999999994,32.64,1.0,0.8247043122094894,0,1
D1T2,1470.0,1499.0,6.086666666666665,16.1725,3.5657768304111346,206.67199993118456,0.4666666666666667,1.0,13.671875,19.746666666666666,47.6,14.1706944449,248.53333333333333,19.746666666666666,47.6,1.4,0.8278848816281321,0,1
D1T2,1500.0,1529.0,3.9266666666666667,5.359999999999999,2.23088065449539,69.6791376397715,0.5,1.0,5.191536458333333,0.0,37.69333333333334,9.993888888633334,271.46666666666664,0.0,37.69333333333334,1.0,0.8280889176596988,0,1
D1T2,1530.0,1559.0,20.826666666666664,38.33749999999999,8.34208567885198,287.20334259893286,0.13333333333333333,1.0,16.41484375,56.32000000000001,8.08,18.466388887999997,667.2,56.32000000000001,8.08,1.5,0.831135175158499,1,1
D1T2,1560.0,1589.0,3.22,18.07,10.854834205176992,215.0358729762703,0.5333333333333333,1.0,14.845182291666667,6.08,17.946666666666665,13.528055555499998,163.2,6.08,17.946666666666665,2.0,0.8283533799362022,0,1
D1T2,1590.0,1619.0,9.49,29.465,6.762931473075166,269.5465822450732,0.5,1.0,5.039192708333333,25.933333333333337,29.69333333333333,13.185138888733336,395.2,25.933333333333337,29.69333333333333,1.0333333333333334,0.8278762287138306,0,1
D1T2,1620.0,1649.0,9.383333333333333,25.6775,4.174984666056338,294.5545488058574,0.4,2.0,21.288541666666667,37.61333333333334,40.8,16.3231944451,343.46666666666664,37.61333333333334,40.8,2.2666666666666666,0.8286311004843759,1,1
D1T2,1650.0,1679.0,7.9799999999999995,12.6825,2.26451661106092,106.51188770377804,0.3333333333333333,1.0,8.921875,31.73333333333333,34.0,13.85722222196667,365.8666666666667,31.73333333333333,34.0,1.0,0.8279194932853382,0,1
D1T2,1680.0,1709.0,21.465,29.919999999999998,7.850790497217883,207.25747808516397,0.4,1.0,20.861979166666668,63.93333333333333,40.8,19.090555555666665,734.9333333333333,63.93333333333333,40.8,1.9,0.827861807189995,1,1
D1T2,1710.0,1739.0,23.19333333333333,44.7375,3.8102773700362347,343.4948228624899,0.4666666666666667,4.0,36.64505208333333,63.89333333333333,47.6,18.570902778333334,780.8,63.89333333333333,47.6,3.7,0.8236210353252422,1,0
D1T2,1740.0,1769.0,17.706666666666663,20.82,0.9971636836144244,124.12352270576633,0.5,3.0,27.458463541666667,58.88,51.0,17.026875000333334,664.5333333333333,58.88,51.0,3.0,0.8200206506378722,1,0
D1T2,1770.0,1799.0,5.794999999999999,18.3825,8.61424742333206,247.55170952528056,0.5333333333333333,1.0,17.011848958333335,22.54666666666667,41.09333333333333,13.824861111766666,258.1333333333333,22.54666666666667,41.09333333333333,1.9333333333333333,0.8172595076828693,0,1
D1T2,1800.0,1829.0,2.481666666666667,4.082499999999991,0.18519287319472655,57.85867840407925,0.9,1.0,0.05651041666666667,0.0,34.42666666666667,9.996388888800002,171.2,0.0,34.42666666666667,1.0,0.818326053414418,0,1
D1T2,1830.0,1859.0,12.741666666666667,34.86,5.668879052407892,236.24017910216335,0.03333333333333333,1.0,6.355208333333334,28.0,3.4,13.8583333341,525.3333333333334,28.0,3.4,1.0333333333333334,0.8223590094963374,0,1
D1T2,1860.0,1889.0,34.57666666666667,48.4875,7.426562190665027,542.9032080705854,0.03333333333333333,4.0,37.961588541666664,67.62666666666667,0.5733333333333334,19.914999998999996,1099.2,67.62666666666667,0.5733333333333334,3.466666666666667,0.8227614669139257,1,0
D1T2,1890.0,1919.0,21.83166666666667,41.63999999999999,4.417952371273304,473.80896290945503,0.36666666666666664,4.0,44.33151041666667,57.32,37.4,20.627638889000004,672.0,57.32,37.4,3.9,0.816325642006216,1,0
D1T2,1920.0,1949.0,2.5416666666666665,5.524999999999999,17.28874443689019,154.04011021664311,0.8,1.0,18.86171875,2.066666666666667,30.733333333333334,14.386319444233333,154.66666666666666,2.066666666666667,30.733333333333334,2.1333333333333333,0.8145312713368836,0,1
D1T2,1950.0,1979.0,5.610000000000001,17.3825,4.664837287917238,189.03187267995017,0.7666666666666667,1.0,4.295572916666667,12.253333333333334,37.54666666666667,11.769375000333334,274.1333333333333,12.253333333333334,37.54666666666667,1.0,0.8158038689598632,0,1
D1T2,1980.0,2009.0,10.659999999999998,23.74,7.88973499518652,279.6335379663097,0.4666666666666667,1.0,11.5484375,32.78666666666666,37.89333333333333,15.769236111033335,391.46666666666664,32.78666666666666,37.89333333333333,1.3666666666666667,0.8188966888158146,0,1
D1T2,2010.0,2039.0,9.993333333333334,23.2075,4.409138031691533,318.7268004629252,0.26666666666666666,3.0,22.052083333333332,32.50666666666667,24.386666666666667,18.331597221666666,321.6,32.50666666666667,24.386666666666667,2.1,0.8192541834210729,1,1
D1T2,2040.0,2069.0,1.305,5.45,8.237385568835364,122.83929881488797,0.8666666666666667,2.0,11.428385416666666,0.0,52.986666666666665,12.770902778033333,91.2,0.0,52.986666666666665,1.6,0.816913140718426,0,1
D1T2,2070.0,2099.0,24.258333333333336,31.834999999999997,7.068779669055835,179.03246136447498,0.0,1.0,18.401822916666667,65.76,0.0,20.763055555333334,754.6666666666666,65.76,0.0,1.4666666666666666,0.8173588781538144,1,0
D1T2,2100.0,2129.0,4.813333333333332,22.255,13.322286355362074,254.41956598413486,0.6666666666666666,1.0,15.982291666666667,10.933333333333334,24.05333333333333,14.758888888633331,199.46666666666667,10.933333333333334,24.05333333333333,1.9333333333333333,0.8150953741740345,0,1
D1T2,2130.0,2159.0,8.874999999999998,23.95999999999999,7.621889903563284,220.36478847583615,0.1,1.0,10.738541666666666,28.773333333333337,4.2,13.080763889433333,398.4,28.773333333333337,4.2,1.2333333333333334,0.8165610323702673,0,1
D1T2,2160.0,2189.0,19.99666666666667,36.629999999999995,5.25596539702977,509.92049925018256,0.0,4.0,41.154947916666664,47.10666666666666,0.0,20.02715277733333,645.8666666666667,47.10666666666666,0.0,3.7666666666666666,0.8193162971138332,1,0
D1T2,2190.0,2219.0,3.355,22.529999999999998,2.8888759283443455,270.2563721111247,0.0,4.0,38.88841145833333,10.280000000000001,0.0,17.732083333333335,118.4,10.280000000000001,0.0,4.0,0.8165223195946869,1,0
D1T2,2220.0,2249.0,0.058333333333333334,0.0,10.970442241609092,28.72087897138402,0.5333333333333333,4.0,36.271484375,0.0,27.720000000000006,20.61520833376667,5.333333333333333,0.0,27.720000000000006,3.1666666666666665,0.8163853895659318,1,1
D1T2,2250.0,2279.0,2.8249999999999997,4.874999999999998,3.0842645259690773,59.99940740448099,0.7,1.0,2.019401041666667,0.0,44.15999999999999,10.01993055526667,193.06666666666666,0.0,44.15999999999999,1.0,0.8165457123563046,0,1
D1T2,2280.0,2309.0,4.255,12.584999999999997,7.28452985000636,165.66418509207784,0.0,1.0,21.368489583333332,19.4,0.0,16.218680555333336,173.33333333333334,19.4,0.0,2.0,0.8196761038807922,0,1
D1T2,2310.0,2339.0,4.413333333333333,18.727499999999985,5.367140352183038,234.52419917782473,0.03333333333333333,4.0,41.37486979166667,18.613333333333333,3.4,19.822083333333335,152.0,18.613333333333333,3.4,3.8,0.8214437330763228,1,0
D1T2,2340.0,2369.0,0.19,0.0,1.8611573251835003,17.232527382830412,0.16666666666666666,4.0,46.34192708333333,0.0,7.946666666666667,21.67986111133333,3.2,0.0,7.946666666666667,3.933333333333333,0.8210106016797465,1,0
D1T2,2370.0,2399.0,1.2183333333333333,2.35,13.245995770842663,82.37540085891337,0.8,1.0,13.132421875,0.0,46.35999999999999,14.770208333266668,86.4,0.0,46.35999999999999,1.6333333333333333,0.820596992316186,0,1
D1T2,2400.0,2429.0,6.33,20.072499999999998,4.494158052096324,147.7862721034069,0.16666666666666666,1.0,6.412239583333333,12.573333333333332,10.413333333333332,11.830138888466667,317.8666666666667,12.573333333333332,10.413333333333332,1.0,0.8211617602768609,0,1
D1T2,2430.0,2459.0,10.726666666666668,39.622499999999995,3.574262209435239,459.94890537488567,0.26666666666666666,2.0,22.6984375,31.6,12.68,18.143680556666666,358.93333333333334,31.6,12.68,2.1666666666666665,0.822387443205287,1,1
D1T2,2460.0,2489.0,1.915,14.737499999999997,8.047029158447838,177.9615938591495,0.26666666666666666,2.0,27.648697916666666,5.906666666666666,18.653333333333332,16.484444444666664,54.93333333333333,5.906666666666666,18.653333333333332,3.0,0.8214283614495036,0,1
D1T2,2490.0,2519.0,2.394999999999999,2.9274999999999998,4.976826118900824,36.050335181058536,0.3333333333333333,1.0,6.8484375,0.0,21.44,10.011041666366667,164.8,0.0,21.44,1.0666666666666667,0.8207100851741805,0,1
D1T2,2520.0,2549.0,4.083333333333333,10.047499999999996,2.6164045781695666,114.81416869591197,0.4,1.0,1.51953125,6.866666666666666,40.8,10.51118055466667,252.8,6.866666666666666,40.8,1.0,0.8224958542680061,0,1
D1T2,2550.0,2579.0,6.266666666666667,11.1775,1.8642098380580714,135.24391134374795,0.26666666666666666,1.0,12.38828125,26.44,27.2,13.7099305551,269.8666666666667,26.44,27.2,1.0,0.8247359519536102,0,1
D1T2,2580.0,2609.0,12.065,18.7775,3.8115144961614384,121.55320737118467,0.43333333333333335,1.0,14.622135416666667,49.42666666666667,44.2,17.615972222333333,434.1333333333333,49.42666666666667,44.2,1.2333333333333334,0.8247014358691148,0,1
D1T2,2610.0,2639.0,18.616666666666667,49.1175,5.689384042198452,595.8925481065264,0.4,3.0,27.28515625,42.64,40.8,18.652777777,587.7333333333333,42.64,40.8,2.6333333333333333,0.8234159564660312,1,1
D1T2,2640.0,2669.0,1.9733333333333332,2.3775,5.765424539492156,54.45226247722759,0.7666666666666667,1.0,3.372786458333333,0.0,23.519999999999996,10.455833333733334,136.53333333333333,0.0,23.519999999999996,1.1666666666666667,0.8216961540226718,0,1
D1T2,2670.0,2699.0,2.2416666666666667,2.3,0.0,7.71031055722718,0.3333333333333333,1.0,0.0,0.0,34.0,10.002083333666668,154.13333333333333,0.0,34.0,1.0,0.823638432265597,0,1
D1T2,2700.0,2729.0,2.9783333333333335,5.5649999999999995,1.2961384862683223,101.41189936754628,0.5,1.0,0.553125,2.0133333333333336,51.0,10.027708333199998,201.6,2.0133333333333336,51.0,1.0,0.8259122580902568,0,1
D1T2,2730.0,2759.0,5.135000000000002,12.315,1.7296837948808554,121.12186700454492,0.16666666666666666,1.0,10.375,14.533333333333333,17.0,11.983888889066668,262.4,14.533333333333333,17.0,1.0,0.8279721419582233,0,1
D1T2,2760.0,2789.0,13.811666666666667,24.9075,7.9088065560199174,239.192716351388,0.5,1.0,15.832421875,38.06666666666667,51.0,15.304861111200003,522.6666666666666,38.06666666666667,51.0,1.5333333333333334,0.8289463778600413,0,1
D1T2,2790.0,2819.0,3.5016666666666665,26.904999999999983,3.0095015099028672,282.7396132290078,0.3333333333333333,4.0,35.51197916666667,9.373333333333335,34.0,17.526458332666667,109.33333333333333,9.373333333333335,34.0,3.7333333333333334,0.8289104776157544,1,1
D1T2,2820.0,2849.0,4.0216666666666665,16.169999999999998,4.121560805303656,211.92938027140605,0.5666666666666667,2.0,22.274869791666667,16.853333333333335,55.04,16.540902777666663,137.06666666666666,16.853333333333335,55.04,2.433333333333333,0.8288551336415526,0,1
D1T2,2850.0,2879.0,5.38,19.569999999999997,3.86445899290369,212.1728435864391,0.7666666666666667,1.0,2.448958333333333,11.56,21.64,11.391527776999999,253.86666666666667,11.56,21.64,1.0,0.8295646489888474,0,1
D1T2,2880.0,2909.0,33.68833333333334,51.9725,7.328918359138289,265.43770141660985,0.0,3.0,33.194661458333336,82.29333333333331,0.0,20.182916666333334,1073.6,82.29333333333331,0.0,3.033333333333333,0.8299498408125273,1,0
D1T2,2910.0,2939.0,33.275,51.019999999999996,3.5542463286976553,366.84068597810807,0.0,3.0,39.211979166666666,72.4,0.0,21.605416666666667,989.3333333333334,72.4,0.0,3.3666666666666667,0.8242549893706148,1,0
D1T2,2940.0,2969.0,18.075,35.684999999999995,2.6605009929423566,409.69026783114526,0.0,4.0,47.018359375,50.279999999999994,0.0,21.442708333666666,530.1333333333333,50.279999999999994,0.0,4.0,0.8194017138702375,1,0
D1T2,2970.0,2999.0,0.0,0.0,7.461402314500509,0.0,0.36666666666666664,2.0,26.845182291666667,0.0,8.56,17.14534722266667,0.0,0.0,8.56,2.8333333333333335,0.8175192138700964,0,1
D1T2,3000.0,3029.0,1.9933333333333334,3.1324999999999994,3.076976694210473,91.58592807971223,0.7,1.0,9.415104166666667,0.0,16.000000000000004,10.342430556533333,138.13333333333333,0.0,16.000000000000004,1.3666666666666667,0.8185119166257626,0,1
D1T2,3030.0,3059.0,12.130000000000003,22.07,11.200013264390872,250.17199416934474,0.5,1.0,21.818619791666666,42.49333333333333,42.8,17.282986111033335,443.2,42.49333333333333,42.8,2.1333333333333333,0.8216990590706982,0,1
D1T2,3060.0,3089.0,27.339999999999996,49.925,3.105113973445409,491.31088144088795,0.36666666666666664,4.0,43.19140625,67.6,37.4,19.649027776666667,872.5333333333333,67.6,37.4,4.0,0.8216908827153528,1,0
D1T2,3090.0,3119.0,22.845000000000002,51.59749999999998,5.25734656698103,618.5482645320054,0.3333333333333333,3.0,34.12838541666667,48.30666666666668,25.42666666666667,20.333611110666666,669.3333333333334,48.30666666666668,25.42666666666667,3.1,0.8167549602989743,1,0
D1T2,3120.0,3149.0,2.8833333333333333,13.634999999999994,7.839246517356089,194.2856545284688,0.36666666666666664,4.0,35.162109375,13.88,11.680000000000001,19.877013889,103.46666666666667,13.88,11.680000000000001,3.2666666666666666,0.8148372326479207,1,0
D1T2,3150.0,3179.0,1.086666666666667,2.4,8.709880408891742,81.01752896750185,0.8,2.0,13.065364583333333,0.0,21.826666666666668,13.947083333133333,70.4,0.0,21.826666666666668,1.6,0.8169701948970747,0,1
D1T2,3180.0,3209.0,4.126666666666667,10.104999999999997,4.759152979496275,116.33025783900287,0.43333333333333335,1.0,4.222395833333334,10.413333333333332,17.226666666666667,10.875555555533333,244.26666666666668,10.413333333333332,17.226666666666667,1.0,0.8181761743667699,0,1
D1T2,3210.0,3239.0,23.644999999999996,41.6325,8.150782206832963,329.1474779217095,0.0,2.0,25.854947916666667,66.21333333333332,0.0,19.138958333666665,798.9333333333333,66.21333333333332,0.0,2.3,0.8202492104901823,1,0
D1T2,3240.0,3269.0,36.269999999999996,60.9375,5.1496644224524575,443.7003192846871,0.03333333333333333,4.0,49.68138020833333,72.4,3.4,22.649166667333336,1025.6,72.4,3.4,4.0,0.8165087269830246,1,0
D1T2,3270.0,3299.0,14.393333333333336,31.7825,12.843383175947663,385.59668048363693,0.0,1.0,21.885546875,38.839999999999996,0.0,19.938541666000003,432.0,38.839999999999996,0.0,2.1666666666666665,0.8125144252792985,1,0
D1T2,3300.0,3329.0,4.974999999999999,20.60499999999998,5.746734163458791,128.62182292804488,0.4666666666666667,1.0,3.4427083333333335,6.679999999999999,36.86666666666667,11.694861111166666,238.4,6.679999999999999,36.86666666666667,1.0,0.8145131185682036,0,1
D1T2,3330.0,3359.0,7.213333333333333,34.444999999999986,2.519032038318463,304.7144820246579,0.4,1.0,0.859765625,12.559999999999999,40.8,11.595208333166665,320.53333333333336,12.559999999999999,40.8,1.0,0.8186570001430102,0,1
D1T2,3360.0,3389.0,35.553333333333335,52.83,7.653821889456045,391.3242247662274,0.5333333333333333,2.0,28.584895833333334,81.67999999999999,54.4,20.775833332666664,1069.8666666666666,81.67999999999999,54.4,2.566666666666667,0.8227868502868757,1,0
D1T2,3390.0,3419.0,2.31,22.722499999999997,3.279761474124062,265.06398388984417,0.3,4.0,46.23515625,6.866666666666666,15.213333333333333,22.874097222,87.46666666666667,6.866666666666666,15.213333333333333,3.7333333333333334,0.8174067095100584,1,0
D1T2,3420.0,3449.0,0.060000000000000005,0.0,7.612150116083108,22.97670317710722,0.4,3.0,24.098307291666668,0.0,40.8,16.636458333433335,4.266666666666667,0.0,40.8,2.566666666666667,0.8179711848677116,0,1
D1T2,3450.0,3479.0,2.818333333333334,3.05,0.7238011763624358,19.588658850354086,0.3,1.0,10.58203125,0.0,30.6,10.000763888766667,192.53333333333333,0.0,30.6,1.0,0.8189411817528384,0,1
D1T2,3480.0,3509.0,2.6316666666666673,4.862499999999998,4.633896580772437,57.404606861199646,0.8,1.0,5.295442708333334,0.4,50.34666666666667,10.000208332933335,178.66666666666666,0.4,50.34666666666667,1.0,0.8228422588791392,0,1
D1T2,3510.0,3539.0,2.0783333333333336,6.417499999999998,6.526186884233271,125.91185629461413,0.7333333333333333,1.0,9.221614583333333,5.413333333333333,31.68,11.451666666533333,129.06666666666666,5.413333333333333,31.68,1.2333333333333334,0.8253642566877164,0,1
D1T2,3540.0,3569.0,1.79,5.967499999999998,9.549980194621606,130.21309031310523,0.4666666666666667,2.0,16.472135416666667,4.88,34.70666666666666,16.260763888133333,106.13333333333334,4.88,34.70666666666666,1.5666666666666667,0.8267810299599611,0,1
D1T2,3570.0,3599.0,0.0,0.0,0.8805518930106971,0.0,0.4,2.0,25.291666666666668,0.0,37.93333333333333,21.33361111033333,0.0,0.0,37.93333333333333,2.0,0.8264273141627346,0,1
D1T2,3600.0,3629.0,0.5666666666666667,2.35,4.687685803609215,71.03751747414101,0.7333333333333333,2.0,14.53828125,0.0,35.99999999999999,13.080624999233333,38.93333333333333,0.0,35.99999999999999,1.7666666666666666,0.825788692530719,0,1
D1T2,3630.0,3659.0,8.485,25.215,7.928521568635789,261.8009421933644,0.6333333333333333,1.0,9.3984375,22.613333333333333,38.38666666666666,12.9028472216,352.0,22.613333333333333,38.38666666666666,1.2666666666666666,0.8263439002918711,0,1
D1T2,3660.0,3689.0,22.369999999999997,40.309999999999995,5.684913464814619,307.69404717457024,0.0,4.0,38.61536458333333,62.36,0.0,18.62791666633333,764.8,62.36,0.0,3.8,0.8269004739463468,1,0
D1T2,3690.0,3719.0,44.096666666666664,51.32749999999999,4.148164192451248,179.77684933148527,0.0,4.0,42.721614583333334,84.78666666666666,0.0,20.704930556333338,1351.4666666666667,84.78666666666666,0.0,3.8333333333333335,0.8213749377138593,1,0
D1T2,3720.0,3749.0,1.9949999999999999,6.709999999999965,7.3185197550203,265.03017857511156,0.36666666666666664,4.0,36.25859375,2.92,14.293333333333333,21.391736110666667,54.93333333333333,2.92,14.293333333333333,3.1666666666666665,0.8147574963519184,1,0
D1T2,3750.0,3779.0,0.0,0.0,2.8812243206932906,0.0,0.5333333333333333,3.0,36.05494791666667,0.0,42.93333333333333,25.387986110999993,0.0,0.0,42.93333333333333,2.566666666666667,0.8160093239944177,1,1
D1T2,3780.0,3809.0,18.963333333333328,38.06749999999998,8.538486573765729,491.0216107486739,0.6333333333333333,2.0,22.78203125,45.933333333333344,50.81333333333334,19.586736111433332,621.3333333333334,45.933333333333344,50.81333333333334,2.0,0.8161244253265963,1,1
D1T2,3810.0,3839.0,22.896666666666665,31.404999999999998,1.4226083893499237,177.69607011223778,0.36666666666666664,4.0,39.13854166666667,65.24,37.4,18.555833333666666,795.2,65.24,37.4,3.8666666666666667,0.8148142722799818,1,0
D1T2,3840.0,3869.0,15.151666666666667,26.86,6.759448417366367,310.27718074149266,0.4,1.0,18.258463541666668,48.21333333333333,40.8,18.498819443666665,497.06666666666666,48.21333333333333,40.8,1.8,0.8151894134816858,1,1
D2T1,1.0,30.0,5.328333333333334,12.114999999999998,4.5091025438404095,140.86564126460678,0.6666666666666666,1.0,6.671614583333334,14.826666666666664,49.4,11.655138889266668,281.06666666666666,14.826666666666664,49.4,1.0,0.8200968388033864,0,1
D2T1,31.0,60.0,15.953333333333331,29.214999999999993,11.598907161988604,258.7546242206225,0.13333333333333333,1.0,15.298697916666667,48.480000000000004,2.8933333333333335,16.304861110766666,573.3333333333334,48.480000000000004,2.8933333333333335,1.6333333333333333,0.8196258696578165,1,0
D2T1,61.0,90.0,10.646666666666667,32.582499999999996,2.335453704894189,458.0488862798623,0.0,4.0,35.904947916666664,31.253333333333334,0.0,17.593888888999995,362.1333333333333,31.253333333333334,0.0,3.7666666666666666,0.8170388001298119,1,0
D2T1,91.0,120.0,18.675,36.155,2.7819001122599665,537.6806817764198,0.0,4.0,39.065104166666664,44.78666666666667,0.0,17.81118055566667,655.4666666666667,44.78666666666667,0.0,4.0,0.8130931457346956,1,0
D2T1,121.0,150.0,0.8666666666666667,0.0,3.6329228930546305,155.09274644547367,0.43333333333333335,4.0,36.48190104166667,2.2800000000000002,8.213333333333333,19.452291665666667,28.8,2.2800000000000002,8.213333333333333,3.533333333333333,0.8104847752704903,1,0
D2T1,151.0,180.0,0.0,0.0,3.014665612269086,0.0,1.0,2.0,23.371614583333333,0.0,6.800000000000001,19.704791666666665,0.0,0.0,6.800000000000001,2.0,0.8097924337233263,0,1
D2T1,181.0,210.0,4.14,18.329999999999995,5.940527462814926,223.53220995840596,0.8333333333333334,1.0,15.23515625,13.453333333333335,44.14666666666666,13.086736111566669,183.46666666666667,13.453333333333335,44.14666666666666,1.7333333333333334,0.8094115162607347,0,1
D2T1,211.0,240.0,13.206666666666667,38.07999999999999,11.917040338237388,475.3819329993749,0.6333333333333333,1.0,17.0484375,34.866666666666674,31.133333333333333,15.987916666433334,506.1333333333333,34.866666666666674,31.133333333333333,1.9333333333333333,0.8094115162607347,0,1
D2T1,241.0,270.0,1.4416666666666667,0.0,2.1896814364866573,238.38329546248735,0.2,4.0,44.4515625,2.7333333333333334,20.4,20.25791666666667,44.266666666666666,2.7333333333333334,20.4,4.0,0.8069850221439995,1,0
D2T1,271.0,300.0,14.774999999999999,19.944999999999997,0.9080254269109889,217.22058425071558,0.4666666666666667,4.0,36.42174479166667,51.160000000000004,47.6,16.61534722266667,573.8666666666667,51.160000000000004,47.6,4.0,0.8061414900088916,1,0
D2T1,301.0,330.0,25.705,30.044999999999998,1.1694290808491268,111.76610497920298,0.36666666666666664,4.0,38.51549479166667,67.98666666666668,37.4,17.55312499966667,939.7333333333333,67.98666666666668,37.4,4.0,0.8043422464884034,1,0
D2T1,331.0,360.0,14.071666666666667,29.209999999999994,5.6007207800202705,451.2356171915313,0.5333333333333333,4.0,36.16848958333333,38.306666666666665,39.693333333333335,17.659791666666667,506.1333333333333,38.306666666666665,39.693333333333335,3.7333333333333334,0.8015845316208293,1,0
D2T1,361.0,390.0,18.009999999999998,38.067499999999995,12.035515067008786,450.27391169770823,0.7,1.0,13.252473958333333,41.28,52.46666666666667,15.536875000533334,620.2666666666667,41.28,52.46666666666667,1.6333333333333333,0.8022130662138023,0,1
D2T1,391.0,420.0,16.73,29.429999999999993,2.62008805182816,207.00205044609797,0.43333333333333335,4.0,40.144921875,56.79999999999999,44.2,19.266597221666668,551.4666666666667,56.79999999999999,44.2,3.8333333333333335,0.8038218765551216,1,0
D2T1,421.0,450.0,17.921666666666667,22.007499999999997,0.3452198147749313,101.57024936247599,0.5666666666666667,4.0,43.40872395833333,59.61333333333334,57.8,19.78881944433333,592.5333333333333,59.61333333333334,57.8,4.0,0.802544546507739,1,0
D2T1,451.0,480.0,16.7,20.665,0.3169409918887264,82.34949908772974,0.26666666666666666,4.0,44.64479166666667,58.74666666666666,27.2,20.35861111133333,545.6,58.74666666666666,27.2,4.0,0.8012180650565406,1,0
D2T1,481.0,510.0,2.5166666666666666,11.967499999999998,4.566700844741227,145.47002745888548,0.6333333333333333,4.0,42.481510416666666,11.919999999999998,31.08,21.746041667333326,81.06666666666666,11.919999999999998,31.08,3.6666666666666665,0.80150459138893,1,0
D2T1,511.0,540.0,1.5433333333333334,2.4274999999999998,11.016848139343088,76.22936150562693,1.0,1.0,8.619010416666667,0.0,24.61333333333334,13.235555555566668,106.13333333333334,0.0,24.61333333333334,1.3666666666666667,0.8027910367615162,0,1
D2T1,541.0,570.0,9.826666666666666,24.87999999999999,9.820200685417367,283.2542320954799,0.6333333333333333,1.0,9.532421875,29.866666666666664,43.65333333333333,13.410972222566667,420.8,29.866666666666664,43.65333333333333,1.3333333333333333,0.8021856607634935,0,1
D2T1,571.0,600.0,3.625,28.067499999999995,2.1678603928439046,354.4805526714015,0.3,4.0,40.905078125,9.693333333333333,30.6,19.05673611166667,137.06666666666666,9.693333333333333,30.6,3.933333333333333,0.8056696664747035,1,0
D2T1,601.0,630.0,0.0,0.0,0.31275044218066483,0.0,0.43333333333333335,4.0,42.10182291666667,0.0,40.93333333333333,19.192847222333334,0.0,0.0,40.93333333333333,4.0,0.8058928822125506,1,0
D2T1,631.0,660.0,0.0,0.0,4.949116461236331,0.0,0.7666666666666667,3.0,34.68190104166667,0.0,35.666666666666664,23.475972222,0.0,0.0,35.666666666666664,2.7333333333333334,0.805998174926295,0,1
D2T1,661.0,690.0,3.1566666666666663,16.819999999999997,2.355583296718429,218.48187313571094,0.3,2.0,21.082161458333335,12.439999999999998,30.6,17.74597222266667,116.26666666666667,12.439999999999998,30.6,2.0,0.805998174926295,0,1
D2T1,691.0,720.0,3.2566666666666673,20.459999999999997,10.76932719361451,253.30189278583944,0.7333333333333333,3.0,21.83515625,8.333333333333334,43.61333333333333,16.211944444,133.86666666666667,8.333333333333334,43.61333333333333,2.4,0.8060859188544153,0,1
D2T1,721.0,750.0,18.091666666666665,33.2275,13.134900821536759,414.5303956151935,0.4666666666666667,1.0,25.008463541666668,46.4,47.6,18.145069444566666,592.5333333333333,46.4,47.6,2.566666666666667,0.8063842482100239,1,0
D2T1,751.0,780.0,1.7883333333333333,8.807499999999997,5.5267488760177415,133.40158253267546,0.43333333333333335,3.0,23.378385416666667,9.826666666666664,44.2,15.794374999666667,72.53333333333333,9.826666666666664,44.2,2.6666666666666665,0.8041350497806364,0,1
D2T1,781.0,810.0,3.0966666666666662,3.857499999999995,0.5681722946447757,79.67221737985095,0.4,1.0,11.091666666666667,2.9466666666666668,40.8,10.286180555000003,196.26666666666668,2.9466666666666668,40.8,1.0333333333333334,0.8042664146717063,0,1
D2T1,811.0,840.0,9.5,24.669999999999998,5.1921768697045065,352.43811119432337,0.3333333333333333,3.0,26.301432291666668,29.573333333333334,34.0,18.282708333333336,317.3333333333333,29.573333333333334,34.0,2.6333333333333333,0.8056541347061587,1,0
D2T1,841.0,870.0,1.3449999999999998,2.35,9.348972329811946,76.66655072455,0.7333333333333333,1.0,9.242447916666666,0.0,42.25333333333334,12.402847221666667,92.8,0.0,42.25333333333334,1.5,0.8057173943563104,0,1
D2T1,871.0,900.0,2.798333333333334,6.7649999999999935,1.9265458894776522,99.36187509413365,0.8333333333333334,1.0,1.6923177083333334,3.24,32.85333333333333,10.107013887966666,186.13333333333333,3.24,32.85333333333333,1.0,0.8068931629931211,0,1
D2T1,901.0,930.0,11.131666666666668,26.96,9.619512230202247,292.8116573271404,0.43333333333333335,1.0,7.865494791666666,30.999999999999996,19.853333333333335,14.079930555399999,424.0,30.999999999999996,19.853333333333335,1.2333333333333334,0.8077442790958866,0,1
D2T1,931.0,960.0,18.855000000000004,32.364999999999995,4.908068287833193,416.34720553350127,0.0,3.0,32.725,51.720000000000006,0.0,18.791388888666667,654.9333333333333,51.720000000000006,0.0,3.2,0.806832670497135,1,0
D2T1,961.0,990.0,4.125,29.659999999999997,5.382243290349031,339.9174801820779,0.0,4.0,38.675390625,9.959999999999999,0.0,18.277291667333333,132.8,9.959999999999999,0.0,3.8666666666666667,0.8038921457831254,1,0
D2T1,991.0,1020.0,6.993333333333333,14.979999999999995,2.0145259371671282,177.55194545071404,0.0,2.0,23.305208333333333,33.879999999999995,0.0,18.198680557000003,244.8,33.879999999999995,0.0,2.2666666666666666,0.8042664146717063,1,0
D2T1,1021.0,1050.0,15.383333333333333,28.3925,3.5852993656515135,302.0046798754394,0.03333333333333333,3.0,31.56171875,49.32000000000001,3.4,18.083194444333337,532.8,49.32000000000001,3.4,3.2,0.8042664146717063,1,0
D2T1,1051.0,1080.0,6.2,25.345,12.294824864065472,293.3279999515143,0.5,1.0,15.431770833333333,17.266666666666666,24.013333333333335,15.458888889099999,239.46666666666667,17.266666666666666,24.013333333333335,1.9333333333333333,0.804531826030146,0,1
D2T1,1081.0,1110.0,31.750000000000004,36.364999999999995,8.64916678490672,192.6034959876551,0.0,4.0,37.69166666666667,73.50666666666667,0.0,19.972291667,1001.6,73.50666666666667,0.0,3.4,0.8041429916085003,1,0
D2T1,1111.0,1140.0,29.733333333333334,39.565,1.6799203700413614,275.6874236441618,0.0,4.0,44.871744791666664,71.72,0.0,20.474166667000002,949.3333333333334,71.72,0.0,4.0,0.8020208013402204,1,0
D2T1,1141.0,1170.0,9.546666666666669,18.07999999999999,0.7135166700305315,185.20110390839707,0.0,4.0,47.63515625,41.92,0.0,21.742569444666668,279.46666666666664,41.92,0.0,4.0,0.8017241379310345,1,0
D2T1,1171.0,1200.0,16.18,24.765,0.8288171181559338,138.89212440675757,0.0,4.0,47.715234375,58.49333333333335,0.0,21.726736110666664,485.3333333333333,58.49333333333335,0.0,4.0,0.8013751221555215,1,0
D2T1,1201.0,1230.0,22.78166666666667,34.0925,1.3042179377901042,145.91224150914212,0.0,4.0,46.54505208333333,65.45333333333333,0.0,21.205555556,671.4666666666667,65.45333333333333,0.0,4.0,0.8000412515299831,1,0
D2T1,1231.0,1260.0,37.85333333333333,48.6575,3.9226555346882717,342.9548982333132,0.0,4.0,45.628255208333336,80.81333333333333,0.0,20.77437499966667,1196.2666666666667,80.81333333333333,0.0,4.0,0.7981521457120732,1,0
D2T1,1261.0,1290.0,31.04166666666667,45.01,2.3319315050846727,376.5046259122633,0.03333333333333333,3.0,36.04518229166667,75.26666666666667,3.4,20.46562500033333,960.0,75.26666666666667,3.4,3.3,0.7940285929410272,1,0
D2T1,1291.0,1320.0,12.431666666666667,36.27749999999998,1.5591904837880597,488.27970126421053,0.0,4.0,41.75807291666667,31.986666666666668,0.0,19.03180555633333,424.0,31.986666666666668,0.0,4.0,0.7919888167886235,1,0
D2T1,1321.0,1350.0,6.288333333333335,18.619999999999997,1.626087777988684,249.9962666387907,0.0,4.0,48.87513020833333,27.533333333333335,0.0,22.270694445,208.0,27.533333333333335,0.0,4.0,0.793462552767366,1,0
D2T1,1351.0,1380.0,5.166666666666667,22.567499999999992,1.4714924402671046,252.99401837461167,0.0,4.0,50.04518229166667,15.946666666666665,0.0,22.808194443999994,142.4,15.946666666666665,0.0,4.0,0.7945305878922838,1,0
D2T1,1381.0,1410.0,23.988333333333333,38.1325,0.6542382980619842,371.14788906250783,0.03333333333333333,4.0,48.8953125,57.70666666666668,3.4,22.264791666000004,682.6666666666666,57.70666666666668,3.4,4.0,0.7964100606228884,1,0
D2T1,1411.0,1440.0,0.0,0.0,3.0169339421632944,0.0,0.0,4.0,45.288671875,0.0,0.0,20.643680555999996,0.0,0.0,0.0,4.0,0.796525753158406,1,0
D2T1,1441.0,1470.0,0.0,0.0,4.292528477527828,0.0,0.4,4.0,51.325390625,0.0,1.6400000000000001,23.407777777,0.0,0.0,1.6400000000000001,4.0,0.7983739265148463,1,0
D2T1,1471.0,1500.0,0.0,0.0,5.047079386999703,0.0,0.13333333333333333,4.0,46.352213541666664,0.0,4.706666666666666,21.404374999000005,0.0,0.0,4.706666666666666,3.966666666666667,0.8006809963613412,1,0
D2T1,1501.0,1530.0,5.828333333333334,17.914999999999996,8.496091160799413,203.09848732956027,0.6,1.0,8.544921875,17.08,21.279999999999998,13.735138889566667,260.26666666666665,17.08,21.279999999999998,1.3,0.8008923169993953,0,1
D2T1,1531.0,1560.0,28.225,35.6875,8.056183562371853,219.60384534176282,0.0,3.0,32.675130208333336,70.65333333333334,0.0,19.91409722266667,904.5333333333333,70.65333333333334,0.0,2.966666666666667,0.8012678253345447,1,0
D2T1,1561.0,1590.0,1.1116666666666666,9.019999999999953,4.143477850163687,145.80693475353712,0.0,4.0,34.23841145833333,3.8933333333333335,0.0,17.34104166666667,38.93333333333333,3.8933333333333335,0.0,3.6666666666666665,0.7986902848163735,1,0
D2T1,1591.0,1620.0,4.998333333333333,12.02,1.7672440646954763,150.86924434386518,0.0,3.0,25.241927083333334,27.746666666666666,0.0,17.333125000333332,182.93333333333334,27.746666666666666,0.0,2.6666666666666665,0.7992639395125619,1,0
D2T1,1621.0,1650.0,7.050000000000001,13.464999999999996,1.0293675029795342,167.09257580421962,0.03333333333333333,3.0,29.085026041666666,35.89333333333333,3.4,18.035833333000003,267.73333333333335,35.89333333333333,3.4,3.0,0.8009737540136815,1,0
D2T1,1651.0,1680.0,0.18333333333333332,1.382499999999994,6.778936577354274,45.94412064913444,0.16666666666666666,3.0,24.41171875,0.0,1.2266666666666668,16.5940972219,12.266666666666667,0.0,1.2266666666666668,2.6333333333333333,0.8020203387872307,0,0
