Experimento,Temp,target_start,target_end,cur_Acc,cur_Tau,cur_Taccm,fuel_future_mean,limiar_U,probabilidade,alerta,evento_real
D1T1A,10.0,11.0,20.0,0.0,160.0,2.25,2.5700000000000003,16.509999999999998,0.007455787000020289,False,0
D1T1A,20.0,21.0,30.0,0.0,96.0,1.6,10.010000000000002,16.509999999999998,0.0974730960377771,False,0
D1T1A,30.0,31.0,40.0,52.0,464.0,13.2,9.229999999999999,16.509999999999998,0.6080157608363365,True,0
D1T1A,40.0,41.0,50.0,40.8,288.0,7.35,9.735000000000001,16.509999999999998,0.2571050161333507,False,0
D1T1A,50.0,51.0,60.0,47.6,368.0,10.7,1.6300000000000001,16.509999999999998,0.3113722340104506,False,0
D1T1A,60.0,61.0,70.0,31.6,256.0,3.95,7.0550000000000015,16.509999999999998,0.43326982620891563,False,0
D1T1A,70.0,71.0,80.0,0.0,0.0,0.0,1.8050000000000002,16.509999999999998,0.13896007942543803,False,0
D1T1A,80.0,81.0,90.0,0.0,192.0,2.9,2.6249999999999996,16.509999999999998,0.12224961429368962,False,0
D1T1A,90.0,91.0,100.0,0.0,192.0,2.65,10.135,16.509999999999998,0.023085257329131675,False,0
D1T1A,100.0,101.0,110.0,22.4,112.0,2.15,1.435,16.509999999999998,0.32917607492917106,False,0
D1T1A,110.0,111.0,120.0,0.0,0.0,0.0,0.0,16.509999999999998,0.2584233766473495,False,0
D1T1A,120.0,121.0,130.0,0.0,0.0,0.0,0.0,16.509999999999998,0.025077753451612873,False,0
D1T1A,130.0,131.0,140.0,0.0,0.0,0.0,0.0,16.509999999999998,0.024201002235660417,False,0
D1T1A,140.0,141.0,150.0,0.0,0.0,0.0,0.385,16.509999999999998,0.03220030506940385,False,0
D1T1A,150.0,151.0,160.0,0.0,96.0,1.65,12.209999999999999,16.509999999999998,0.14700437182569956,False,0
D1T1A,160.0,161.0,170.0,72.8,976.0,29.85,30.314999999999998,16.509999999999998,0.9439369824664019,True,1
D1T1A,170.0,171.0,180.0,66.4,800.0,24.4,10.215,16.509999999999998,0.7679682636878422,True,0
D1T1A,180.0,181.0,190.0,44.4,192.0,6.05,18.545,16.509999999999998,0.24274314348069523,False,1
D1T1A,190.0,191.0,200.0,86.0,1136.0,32.15,36.989999999999995,16.509999999999998,0.9429197189794359,True,1
D1T1A,200.0,201.0,210.0,82.4,1168.0,42.05,43.785,16.509999999999998,0.9539585484112453,True,1
D1T1A,210.0,211.0,220.0,100.0,1536.0,49.45,28.380000000000003,16.509999999999998,0.9451209470195061,True,1
D1T1A,220.0,221.0,230.0,77.6,1008.0,32.2,18.395000000000003,16.509999999999998,0.8385237570547039,True,1
D1T1A,230.0,231.0,240.0,78.4,1008.0,32.65,31.840000000000003,16.509999999999998,0.8781629129921883,True,1
D1T1A,240.0,241.0,250.0,67.2,544.0,15.1,9.025,16.509999999999998,0.7434220677614243,True,0
D1T1A,250.0,251.0,260.0,0.0,0.0,0.0,0.0,16.509999999999998,0.07481699957807768,False,0
D1T1A,260.0,261.0,270.0,0.0,0.0,0.0,0.0,16.509999999999998,0.027549078806918675,False,0
D1T1A,270.0,271.0,280.0,0.0,0.0,0.0,15.065000000000001,16.509999999999998,0.048095511361723915,False,0
D1T1A,280.0,281.0,290.0,26.4,0.0,0.0,27.21,16.509999999999998,0.27494740262542666,False,1
D1T1A,290.0,291.0,300.0,80.0,992.0,34.55,36.11999999999999,16.509999999999998,0.9491468057416995,True,1
D1T1A,300.0,301.0,310.0,82.4,1248.0,46.95,41.2,16.509999999999998,0.9534929076850925,True,1
D1T1A,310.0,311.0,320.0,79.6,992.0,34.05,13.219999999999999,16.509999999999998,0.9127881469485488,True,0
D1T1A,320.0,321.0,330.0,0.0,0.0,0.0,3.4200000000000004,16.509999999999998,0.13535768112927404,False,0
D1T1A,330.0,331.0,340.0,49.6,320.0,10.3,3.8950000000000005,16.509999999999998,0.44807752472381224,False,0
D1T1A,340.0,341.0,350.0,0.0,160.0,2.4,2.3600000000000003,16.509999999999998,0.20671249523497603,False,0
D1T1A,350.0,351.0,360.0,0.0,160.0,2.3,2.295,16.509999999999998,0.003527583924617219,False,0
D1T1A,360.0,361.0,370.0,0.0,160.0,2.3,2.2849999999999997,16.509999999999998,0.003527583924617219,False,0
D1T1A,370.0,371.0,380.0,0.0,160.0,2.25,2.27,16.509999999999998,0.00698133099721675,False,0
D1T1A,380.0,381.0,390.0,0.0,160.0,2.25,2.265,16.509999999999998,0.00638014802718132,False,0
D1T1A,390.0,391.0,400.0,0.0,160.0,2.3,2.2649999999999997,16.509999999999998,0.003949592471625765,False,0
D1T1A,400.0,401.0,410.0,0.0,160.0,2.25,2.305,16.509999999999998,0.007627698518584271,False,0
D1T1A,410.0,411.0,420.0,22.4,256.0,2.85,30.3,16.509999999999998,0.24978131285673552,False,1
D1T1A,420.0,421.0,430.0,85.2,1008.0,39.45,28.735000000000003,16.509999999999998,0.932229305805935,True,1
D1T1A,430.0,431.0,440.0,68.0,784.0,24.85,17.75,16.509999999999998,0.8321134790593366,True,1
D1T1A,440.0,441.0,450.0,50.8,448.0,11.9,10.555,16.509999999999998,0.45485947953709527,False,0
D1T1A,450.0,451.0,460.0,47.6,368.0,10.55,8.255,16.509999999999998,0.2714599651031034,False,0
D1T1A,460.0,461.0,470.0,39.6,160.0,4.8,6.959999999999999,16.509999999999998,0.2100150950137627,False,0
D1T1A,470.0,471.0,480.0,43.2,272.0,7.6,10.17,16.509999999999998,0.22338056274905407,False,0
D1T1A,480.0,481.0,490.0,59.6,624.0,17.8,15.385,16.509999999999998,0.746456926755318,True,0
D1T1A,490.0,491.0,500.0,50.4,464.0,12.6,17.729999999999997,16.509999999999998,0.5830384018213858,True,1
D1T1A,500.0,501.0,510.0,60.4,720.0,19.1,15.95,16.509999999999998,0.7793869011895199,True,0
D1T1A,510.0,511.0,520.0,54.4,448.0,14.15,16.465,16.509999999999998,0.44298692931336836,False,0
D1T1A,520.0,521.0,530.0,58.0,496.0,14.8,17.23,16.509999999999998,0.555050219991476,True,1
D1T1A,530.0,531.0,540.0,73.2,1152.0,35.4,16.61,16.509999999999998,0.9223824207467292,True,1
D1T1A,540.0,541.0,550.0,0.0,0.0,0.0,0.0,16.509999999999998,0.08886099072131305,False,0
D1T1A,550.0,551.0,560.0,0.0,0.0,0.0,0.0,16.509999999999998,0.01750841078580417,False,0
D1T1A,560.0,561.0,570.0,0.0,0.0,0.0,16.46,16.509999999999998,0.03517819286367408,False,0
D1T1A,570.0,571.0,580.0,78.4,1072.0,31.45,4.4350000000000005,16.509999999999998,0.9061986260722145,True,0
D1T1A,580.0,581.0,590.0,0.0,0.0,0.0,0.0,16.509999999999998,0.09560185110688496,False,0
D1T1A,590.0,591.0,600.0,0.0,0.0,0.0,0.0,16.509999999999998,0.03919766256023568,False,0
D1T1A,600.0,601.0,610.0,0.0,0.0,0.0,0.0,16.509999999999998,0.03692048465138289,False,0
D1T1A,610.0,611.0,620.0,0.0,0.0,0.0,0.0,16.509999999999998,0.0484683850864373,False,0
D1T1A,620.0,621.0,630.0,0.0,0.0,0.0,5.845000000000001,16.509999999999998,0.1285590243001436,False,0
D1T1A,630.0,631.0,640.0,52.4,480.0,13.35,9.204999999999998,16.509999999999998,0.6451082868237673,True,0
D1T1A,640.0,641.0,650.0,40.4,304.0,7.6,1.2400000000000002,16.509999999999998,0.275937303744556,False,0
D1T1A,650.0,651.0,660.0,0.0,176.0,2.55,2.74,16.509999999999998,0.2633914584891269,False,0
D1T1A,660.0,661.0,670.0,0.0,192.0,2.85,2.465,16.509999999999998,0.015286155384548576,False,0
D1T1A,670.0,671.0,680.0,0.0,160.0,2.4,2.41,16.509999999999998,0.005071238602049728,False,0
D1T1A,680.0,681.0,690.0,0.0,160.0,2.4,2.2600000000000002,16.509999999999998,0.003527583924617219,False,0
D1T1A,690.0,691.0,700.0,0.0,160.0,2.25,7.8549999999999995,16.509999999999998,0.004296814693847988,False,0
D1T1A,700.0,701.0,710.0,55.6,544.0,15.3,19.36,16.509999999999998,0.6983257351074249,True,1
D1T1A,710.0,711.0,720.0,68.0,720.0,24.85,26.429999999999996,16.509999999999998,0.8610954407792619,True,1
D1T1A,720.0,721.0,730.0,58.0,688.0,17.0,25.525,16.509999999999998,0.6519611515674693,True,1
D1T1A,730.0,731.0,740.0,96.8,912.0,24.1,41.65,16.509999999999998,0.9244492160132022,True,1
D1T1A,740.0,741.0,750.0,100.0,1536.0,48.2,44.980000000000004,16.509999999999998,0.9204175879113037,True,1
D1T1A,750.0,751.0,760.0,66.4,656.0,22.1,27.115,16.509999999999998,0.8136586416603165,True,1
D1T1A,760.0,761.0,770.0,100.0,1296.0,42.9,14.355,16.509999999999998,0.9538422318273235,True,0
D1T1A,770.0,771.0,780.0,0.0,0.0,0.0,0.0,16.509999999999998,0.10168096952666957,False,0
D1T1A,780.0,781.0,790.0,0.0,0.0,0.0,0.0,16.509999999999998,0.03616709479243157,False,0
D1T1A,790.0,791.0,800.0,0.0,0.0,0.0,0.0,16.509999999999998,0.044841563399983846,False,0
D1T1A,800.0,801.0,810.0,0.0,0.0,0.0,0.755,16.509999999999998,0.19354902425756673,False,0
D1T1A,810.0,811.0,820.0,0.0,192.0,2.75,3.5349999999999993,16.509999999999998,0.1656233744257678,False,0
D1T1A,820.0,821.0,830.0,0.0,288.0,4.05,3.285,16.509999999999998,0.07069590698430481,False,0
D1T1A,830.0,831.0,840.0,0.0,144.0,2.25,2.2800000000000002,16.509999999999998,0.14456328190474158,False,0
D1T1A,840.0,841.0,850.0,19.2,160.0,2.3,32.415,16.509999999999998,0.19112638623905237,False,1
D1T1A,850.0,851.0,860.0,81.2,1168.0,38.15,34.364999999999995,16.509999999999998,0.9116362356293487,True,1
D1T1A,860.0,861.0,870.0,63.6,592.0,20.3,19.4,16.509999999999998,0.7638856552261832,True,1
D1T1A,870.0,871.0,880.0,72.0,816.0,27.95,15.099999999999998,16.509999999999998,0.8873532103047828,True,0
D1T1A,880.0,881.0,890.0,18.8,16.0,0.2,1.45,16.509999999999998,0.2331821356177334,False,0
D1T1A,890.0,891.0,900.0,30.8,144.0,3.55,4.99,16.509999999999998,0.4672184141983394,False,0
D1T1A,900.0,901.0,910.0,36.4,304.0,6.45,3.8349999999999995,16.509999999999998,0.383405575622025,False,0
D1T1A,910.0,911.0,920.0,0.0,176.0,2.55,2.5149999999999997,16.509999999999998,0.30753912349123924,False,0
D1T1A,920.0,921.0,930.0,0.0,176.0,2.45,2.425,16.509999999999998,0.010884198342961292,False,0
D1T1A,930.0,931.0,940.0,0.0,160.0,2.4,28.48,16.509999999999998,0.010006098345581173,False,1
D1T1A,940.0,941.0,950.0,82.4,1328.0,44.4,37.18,16.509999999999998,0.9503310924684759,True,1
D1T1A,950.0,951.0,960.0,84.8,1328.0,40.75,7.425,16.509999999999998,0.9019550092394145,True,0
D1T1A,960.0,961.0,970.0,0.0,0.0,0.0,0.0,16.509999999999998,0.09290531451985215,False,0
D1T1A,970.0,971.0,980.0,0.0,0.0,0.0,0.0,16.509999999999998,0.042520404718754214,False,0
D1T1A,980.0,981.0,990.0,0.0,0.0,0.0,0.0,16.509999999999998,0.07134901320079483,False,0
D1T1A,990.0,991.0,1000.0,0.0,0.0,0.0,0.0,16.509999999999998,0.03425846805125529,False,0
D1T1A,1000.0,1001.0,1010.0,0.0,0.0,0.0,0.0,16.509999999999998,0.04477090033642002,False,0
D1T1A,1010.0,1011.0,1020.0,0.0,0.0,0.0,0.25,16.509999999999998,0.016107704254600917,False,0
D1T1A,1020.0,1021.0,1030.0,0.0,160.0,2.3,2.4899999999999998,16.509999999999998,0.2526748766221874,False,0
D1T1A,1030.0,1031.0,1040.0,0.0,160.0,2.4,11.375,16.509999999999998,0.011676150888004612,False,0
D1T1A,1040.0,1041.0,1050.0,64.8,576.0,15.3,0.5900000000000001,16.509999999999998,0.761181417082968,True,0
D1T1A,1050.0,1051.0,1060.0,0.0,0.0,0.0,0.0,16.509999999999998,0.21860759544249656,False,0
D1T1A,1060.0,1061.0,1070.0,0.0,0.0,0.0,1.3699999999999999,16.509999999999998,0.03897706633469367,False,0
D1T1A,1070.0,1071.0,1080.0,0.0,192.0,2.7,2.7350000000000003,16.509999999999998,0.3494224205346859,False,0
D1T1A,1080.0,1081.0,1090.0,0.0,192.0,2.75,16.115000000000002,16.509999999999998,0.008777711103705179,False,0
D1T1A,1090.0,1091.0,1100.0,67.6,688.0,29.85,9.83,16.509999999999998,0.9295277320094913,True,0
D1T1A,1100.0,1101.0,1110.0,50.0,416.0,10.9,5.65,16.509999999999998,0.35034778777390757,False,0
D1T1A,1110.0,1111.0,1120.0,36.4,160.0,4.75,12.295,16.509999999999998,0.3028029236091618,False,0
D1T1A,1120.0,1121.0,1130.0,100.0,1152.0,37.05,31.044999999999998,16.509999999999998,0.9280505243445402,True,1
D1T1A,1130.0,1131.0,1140.0,20.8,0.0,0.0,16.805,16.509999999999998,0.20127888190674345,False,1
D1T1A,1140.0,1141.0,1150.0,66.0,864.0,24.2,13.684999999999999,16.509999999999998,0.8976663349922218,True,0
D1T1A,1150.0,1151.0,1160.0,0.0,0.0,0.0,0.0,16.509999999999998,0.12268815153567605,False,0
D1T1A,1160.0,1161.0,1170.0,0.0,0.0,0.0,0.0,16.509999999999998,0.06867603934175331,False,0
D1T1A,1170.0,1171.0,1180.0,0.0,0.0,0.0,1.36,16.509999999999998,0.041199064764584466,False,0
D1T1A,1180.0,1181.0,1190.0,0.0,144.0,2.25,2.3549999999999995,16.509999999999998,0.41159607841403073,False,0
D1T1A,1190.0,1191.0,1200.0,0.0,160.0,2.25,2.285,16.509999999999998,0.011578428792911625,False,0
D1T1A,1200.0,1201.0,1210.0,0.0,160.0,2.3,2.265,16.509999999999998,0.010435287780918153,False,0
D1T1A,1210.0,1211.0,1220.0,0.0,160.0,2.3,2.93,16.509999999999998,0.011204518550148923,False,0
D1T1A,1220.0,1221.0,1230.0,27.2,368.0,5.5,34.45,16.509999999999998,0.37126801827994527,False,1
D1T1A,1230.0,1231.0,1240.0,81.6,1488.0,46.7,2.065,16.509999999999998,0.9256506116412069,True,0
D1T1A,1240.0,1241.0,1250.0,0.0,0.0,0.0,0.0,16.509999999999998,0.13497189775904953,False,0
D1T1A,1250.0,1251.0,1260.0,0.0,0.0,0.0,26.43,16.509999999999998,0.05247652045621034,False,1
D1T1A,1260.0,1261.0,1270.0,75.6,896.0,26.6,4.59,16.509999999999998,0.9018313423654115,True,0
D1T1A,1270.0,1271.0,1280.0,0.0,0.0,0.0,0.0,16.509999999999998,0.10934333633046939,False,0
D1T1A,1280.0,1281.0,1290.0,0.0,0.0,0.0,0.0,16.509999999999998,0.04474815158258437,False,0
D1T1A,1290.0,1291.0,1300.0,0.0,0.0,0.0,2.165,16.509999999999998,0.05588614084904842,False,0
D1T1A,1300.0,1301.0,1310.0,0.0,160.0,2.35,2.3200000000000003,16.509999999999998,0.21217200744903678,False,0
D1T1A,1310.0,1311.0,1320.0,0.0,160.0,2.3,2.2950000000000004,16.509999999999998,0.010990193498793977,False,0
D1T1A,1320.0,1321.0,1330.0,0.0,160.0,2.3,2.305,16.509999999999998,0.010990193498793977,False,0
D1T1A,1330.0,1331.0,1340.0,0.0,160.0,2.3,2.645,16.509999999999998,0.010333643979640086,False,0
D1T1A,1340.0,1341.0,1350.0,0.0,416.0,5.75,10.25,16.509999999999998,0.22788457992788438,False,0
D1T1A,1350.0,1351.0,1360.0,51.6,448.0,12.9,6.81,16.509999999999998,0.47132988442513435,False,0
D1T1A,1360.0,1361.0,1370.0,31.2,224.0,4.3,5.88,16.509999999999998,0.34876522744266963,False,0
D1T1A,1370.0,1371.0,1380.0,33.6,272.0,5.4,5.63,16.509999999999998,0.2652204227214451,False,0
D1T1A,1380.0,1381.0,1390.0,37.2,336.0,6.8,4.279999999999999,16.509999999999998,0.2690970300632667,False,0
D1T1A,1390.0,1391.0,1400.0,0.0,272.0,3.9,3.185,16.509999999999998,0.2702718475781817,False,0
D1T1A,1400.0,1401.0,1410.0,0.0,192.0,2.7,3.9,16.509999999999998,0.10625791410647623,False,0
D1T1A,1410.0,1411.0,1420.0,0.0,352.0,5.1,22.715,16.509999999999998,0.27486168614108103,False,1
D1T1A,1420.0,1421.0,1430.0,82.4,944.0,38.75,39.73,16.509999999999998,0.9340761607242328,True,1
D1T1A,1430.0,1431.0,1440.0,75.6,1168.0,34.65,6.640000000000001,16.509999999999998,0.9037697796285481,True,0
D1T1A,1440.0,1441.0,1450.0,0.0,0.0,0.0,0.51,16.509999999999998,0.16453157492805331,False,0
D1T1A,1450.0,1451.0,1460.0,0.0,192.0,2.85,2.325,16.509999999999998,0.19330664857372265,False,0
D1T1A,1460.0,1461.0,1470.0,0.0,160.0,2.35,2.66,16.509999999999998,0.019895377562069133,False,0
D1T1A,1470.0,1471.0,1480.0,34.8,400.0,5.9,16.055,16.509999999999998,0.4163553779096613,False,0
D1T1A,1480.0,1481.0,1490.0,51.6,448.0,13.7,13.495,16.509999999999998,0.4441718300671904,False,0
D1T1A,1490.0,1491.0,1500.0,54.4,544.0,14.4,12.165,16.509999999999998,0.5772886389874935,True,0
D1T1A,1500.0,1501.0,1510.0,44.4,336.0,8.8,7.084999999999999,16.509999999999998,0.30153173826014334,False,0
D1T1A,1510.0,1511.0,1520.0,49.6,416.0,12.05,11.065,16.509999999999998,0.400325454535848,False,0
D1T1A,1520.0,1521.0,1530.0,52.4,448.0,12.6,10.540000000000003,16.509999999999998,0.4401900910232272,False,0
D1T1A,1530.0,1531.0,1540.0,46.0,368.0,9.9,9.655,16.509999999999998,0.2544418443036546,False,0
D1T1A,1540.0,1541.0,1550.0,42.8,352.0,8.45,5.95,16.509999999999998,0.2622710264457989,False,0
D1T1A,1550.0,1551.0,1560.0,57.2,720.0,16.55,32.74,16.509999999999998,0.7818974643426472,True,1
D1T1A,1560.0,1561.0,1570.0,74.8,1120.0,36.55,24.35,16.509999999999998,0.8950531388286999,True,1
D1T1A,1570.0,1571.0,1580.0,41.2,272.0,7.6,11.030000000000001,16.509999999999998,0.31715829372259935,False,0
D1T1A,1580.0,1581.0,1590.0,75.2,816.0,27.9,30.9,16.509999999999998,0.8975523643974194,True,1
D1T1A,1590.0,1591.0,1600.0,74.4,976.0,31.25,16.57,16.509999999999998,0.8659851348945264,True,1
D1T1A,1600.0,1601.0,1610.0,58.4,592.0,16.85,18.595000000000002,16.509999999999998,0.6116413697477702,True,1
D1T1A,1610.0,1611.0,1620.0,64.0,816.0,21.9,16.94,16.509999999999998,0.786534117245182,True,1
D1T1A,1620.0,1621.0,1630.0,69.6,832.0,26.8,26.82,16.509999999999998,0.8392828605127963,True,1
D1T1A,1630.0,1631.0,1640.0,70.4,1136.0,29.55,22.534999999999997,16.509999999999998,0.8714922196069429,True,1
D1T1A,1640.0,1641.0,1650.0,62.4,672.0,27.0,8.875,16.509999999999998,0.7637729919434453,True,0
D1T1A,1650.0,1651.0,1660.0,16.0,0.0,0.15,2.3,16.509999999999998,0.196153108365518,False,0
D1T1A,1660.0,1661.0,1670.0,0.0,192.0,2.65,2.6799999999999997,16.509999999999998,0.2763129673692931,False,0
D1T1A,1670.0,1671.0,1680.0,0.0,192.0,2.7,2.675,16.509999999999998,0.010884198342961292,False,0
D1T1A,1680.0,1681.0,1690.0,0.0,176.0,2.65,2.545,16.509999999999998,0.010435287780918153,False,0
D1T1A,1690.0,1691.0,1700.0,0.0,176.0,2.45,2.355,16.509999999999998,0.011578428792911625,False,0
D1T1A,1700.0,1701.0,1710.0,0.0,160.0,2.25,2.275,16.509999999999998,0.011578428792911625,False,0
D1T1A,1710.0,1711.0,1720.0,0.0,160.0,2.25,4.745,16.509999999999998,0.00451188098212521,False,0
D1T1A,1720.0,1721.0,1730.0,48.4,512.0,11.8,34.47,16.509999999999998,0.630922826777879,True,1
D1T1A,1730.0,1731.0,1740.0,91.6,1376.0,46.0,45.01499999999999,16.509999999999998,0.9445129289676916,True,1
D1T1A,1740.0,1741.0,1750.0,83.6,1472.0,42.2,32.42,16.509999999999998,0.9043941628637329,True,1
D1T1A,1750.0,1751.0,1760.0,30.4,96.0,2.25,3.4799999999999995,16.509999999999998,0.23939557600036754,False,0
D1T1A,1760.0,1761.0,1770.0,68.8,896.0,19.8,36.084999999999994,16.509999999999998,0.789625343651488,True,1
D1T1A,1770.0,1771.0,1780.0,100.0,1520.0,44.65,38.815,16.509999999999998,0.9529788308388513,True,1
D1T1A,1780.0,1781.0,1790.0,60.4,464.0,19.45,9.200000000000001,16.509999999999998,0.684555086900142,True,0
D1T1A,1790.0,1791.0,1800.0,0.0,0.0,0.0,0.0,16.509999999999998,0.08960046862443623,False,0
D1T1A,1800.0,1801.0,1810.0,0.0,0.0,0.0,0.7849999999999999,16.509999999999998,0.18701547049603742,False,0
D1T1A,1810.0,1811.0,1820.0,0.0,176.0,2.6,3.2150000000000007,16.509999999999998,0.3685091116739997,False,0
D1T1A,1820.0,1821.0,1830.0,0.0,192.0,2.75,2.7150000000000003,16.509999999999998,0.13213246355966032,False,0
D1T1A,1830.0,1831.0,1840.0,0.0,192.0,2.75,10.915000000000001,16.509999999999998,0.00976508527368575,False,0
D1T1A,1840.0,1841.0,1850.0,60.0,592.0,17.3,3.6849999999999996,16.509999999999998,0.8279165960623636,True,0
D1T1A,1850.0,1851.0,1860.0,0.0,144.0,2.15,4.62,16.509999999999998,0.24387367685564534,False,0
D1T1A,1860.0,1861.0,1870.0,62.0,736.0,19.35,23.145000000000003,16.509999999999998,0.8387354081061619,True,1
D1T1A,1870.0,1871.0,1880.0,57.6,576.0,16.3,8.405,16.509999999999998,0.6082793431278581,True,0
D1T1A,1880.0,1881.0,1890.0,44.4,368.0,9.95,7.065,16.509999999999998,0.2928478610822029,False,0
D1T1A,1890.0,1891.0,1900.0,55.2,448.0,13.8,12.22,16.509999999999998,0.5033950170747281,True,0
D1T1A,1900.0,1901.0,1910.0,52.4,400.0,11.9,0.0,16.509999999999998,0.3757916987454815,False,0
D1T1A,1910.0,1911.0,1920.0,0.0,0.0,0.0,0.0,16.509999999999998,0.04644272306475496,False,0
D1T1A,1920.0,1921.0,1930.0,0.0,0.0,0.0,0.06999999999999999,16.509999999999998,0.02665284461563982,False,0
D1T1A,1930.0,1931.0,1940.0,18.8,32.0,0.7,15.724999999999998,16.509999999999998,0.2573633264102517,False,0
D1T1A,1940.0,1941.0,1950.0,66.8,768.0,21.35,25.155,16.509999999999998,0.8405108098754561,True,1
D1T1A,1950.0,1951.0,1960.0,68.4,752.0,25.4,17.37,16.509999999999998,0.8418780371634295,True,1
D1T1A,1960.0,1961.0,1970.0,60.4,528.0,17.65,3.4549999999999996,16.509999999999998,0.6443398174755474,True,0
D1T1A,1970.0,1971.0,1980.0,0.0,0.0,0.0,0.8300000000000001,16.509999999999998,0.11876163277575434,False,0
D1T1B,10.0,11.0,20.0,60.0,624.0,17.65,13.02,16.46125,0.848019380262194,True,0
D1T1B,20.0,21.0,30.0,40.4,272.0,7.75,5.745,16.46125,0.3021307439459604,False,0
D1T1B,30.0,31.0,40.0,31.2,208.0,4.45,18.474999999999998,16.46125,0.14067320308870238,False,1
D1T1B,40.0,41.0,50.0,65.2,928.0,16.35,21.030000000000005,16.46125,0.8105341252348243,True,1
D1T1B,50.0,51.0,60.0,64.4,496.0,17.55,10.765,16.46125,0.6737111810258724,True,0
D1T1B,60.0,61.0,70.0,0.0,0.0,0.0,0.0,16.46125,0.11066706592106317,False,0
D1T1B,70.0,71.0,80.0,0.0,0.0,0.0,0.0,16.46125,0.0186712002449816,False,0
D1T1B,80.0,81.0,90.0,0.0,0.0,0.0,0.905,16.46125,0.032256052750733975,False,0
D1T1B,90.0,91.0,100.0,52.8,304.0,9.05,8.225,16.46125,0.36020446112924454,False,0
D1T1B,100.0,101.0,110.0,0.0,0.0,0.0,0.0,16.46125,0.11026451560362106,False,0
D1T1B,110.0,111.0,120.0,0.0,0.0,0.0,0.0,16.46125,0.027795293332926154,False,0
D1T1B,120.0,121.0,130.0,0.0,0.0,0.0,0.825,16.46125,0.038322512863358554,False,0
D1T1B,130.0,131.0,140.0,0.0,176.0,2.45,2.3649999999999993,16.46125,0.13992960281961803,False,0
D1T1B,140.0,141.0,150.0,0.0,160.0,2.4,2.4149999999999996,16.46125,0.04596296144001467,False,0
D1T1B,150.0,151.0,160.0,0.0,160.0,2.45,2.3899999999999997,16.46125,0.027841513006952118,False,0
D1T1B,160.0,161.0,170.0,0.0,160.0,2.4,8.185,16.46125,0.027073088562610034,False,0
D1T1B,170.0,171.0,180.0,31.6,240.0,3.05,28.814999999999998,16.46125,0.34284407299966074,False,1
D1T1B,180.0,181.0,190.0,66.4,928.0,25.4,0.0,16.46125,0.7348648231846127,True,0
D1T1B,190.0,191.0,200.0,0.0,0.0,0.0,0.0,16.46125,0.0301566631548029,False,0
D1T1B,200.0,201.0,210.0,0.0,0.0,0.0,0.0,16.46125,0.04621282488819133,False,0
D1T1B,210.0,211.0,220.0,0.0,0.0,0.0,9.440000000000001,16.46125,0.05843694124753132,False,0
D1T1B,220.0,221.0,230.0,0.0,0.0,0.0,0.0,16.46125,0.15711230150158745,False,0
D1T1B,230.0,231.0,240.0,0.0,0.0,0.0,0.0,16.46125,0.016678636590548922,False,0
D1T1B,240.0,241.0,250.0,0.0,0.0,0.0,0.0,16.46125,0.046460633255231,False,0
D1T1B,250.0,251.0,260.0,0.0,0.0,0.0,0.0,16.46125,0.041680363818819274,False,0
D1T1B,260.0,261.0,270.0,0.0,0.0,0.0,1.365,16.46125,0.020138966345306743,False,0
D1T1B,270.0,271.0,280.0,0.0,192.0,2.75,2.7299999999999995,16.46125,0.16574760412672299,False,0
D1T1B,280.0,281.0,290.0,0.0,160.0,2.25,2.5549999999999997,16.46125,0.11111186991421991,False,0
D1T1B,290.0,291.0,300.0,0.0,256.0,3.65,2.715,16.46125,0.09952155543853661,False,0
D1T1B,300.0,301.0,310.0,0.0,144.0,2.25,2.27,16.46125,0.09990173594938538,False,0
D1T1B,310.0,311.0,320.0,0.0,160.0,2.25,2.345,16.46125,0.022927781179190112,False,0
D1T1B,320.0,321.0,330.0,0.0,160.0,2.4,2.325,16.46125,0.032763388982443936,False,0
D1T1B,330.0,331.0,340.0,0.0,160.0,2.3,2.32,16.46125,0.028787594086995393,False,0
D1T1B,340.0,341.0,350.0,0.0,160.0,2.3,2.29,16.46125,0.026582530291958548,False,0
D1T1B,350.0,351.0,360.0,0.0,160.0,2.3,2.2849999999999997,16.46125,0.01986113189218031,False,0
D1T1B,360.0,361.0,370.0,0.0,160.0,2.3,2.2849999999999997,16.46125,0.07376064154342349,False,0
D1T1B,370.0,371.0,380.0,0.0,160.0,2.25,2.465,16.46125,0.11104562766766063,False,0
D1T1B,380.0,381.0,390.0,0.0,192.0,2.7,5.7299999999999995,16.46125,0.1529072980369059,False,0
D1T1B,390.0,391.0,400.0,52.0,624.0,11.4,36.480000000000004,16.46125,0.6902806377736946,True,1
D1T1B,400.0,401.0,410.0,70.4,1216.0,41.65,3.4200000000000004,16.46125,0.8222362025778958,True,0
D1T1B,410.0,411.0,420.0,0.0,0.0,0.0,15.395,16.46125,0.13039484951565433,False,0
D1T1B,420.0,421.0,430.0,93.6,1312.0,42.15,18.625,16.46125,0.950690873713735,True,1
D1T1B,430.0,431.0,440.0,0.0,0.0,0.0,0.0,16.46125,0.19825579469705334,False,0
D1T1B,440.0,441.0,450.0,0.0,0.0,0.0,0.0,16.46125,0.012367647831520175,False,0
D1T1B,450.0,451.0,460.0,0.0,0.0,0.0,0.925,16.46125,0.020688110387766124,False,0
D1T1B,460.0,461.0,470.0,0.0,160.0,2.35,2.455,16.46125,0.17900869806794067,False,0
D1T1B,470.0,471.0,480.0,0.0,160.0,2.3,2.2649999999999997,16.46125,0.06406286637886169,False,0
D1T1B,480.0,481.0,490.0,0.0,160.0,2.25,2.3,16.46125,0.025335973007687466,False,0
D1T1B,490.0,491.0,500.0,0.0,160.0,2.3,2.2800000000000002,16.46125,0.04431545236970081,False,0
D1T1B,500.0,501.0,510.0,0.0,160.0,2.3,4.04,16.46125,0.02525910759472659,False,0
D1T1B,510.0,511.0,520.0,44.4,464.0,9.5,10.895,16.46125,0.6160689915200768,True,0
D1T1B,520.0,521.0,530.0,44.4,336.0,8.8,3.9199999999999995,16.46125,0.22580240791527526,False,0
D1T1B,530.0,531.0,540.0,0.0,112.0,1.65,2.9699999999999998,16.46125,0.14088950382408919,False,0
D1T1B,540.0,541.0,550.0,30.0,288.0,3.65,8.05,16.46125,0.30429776219070154,False,0
D1T1B,550.0,551.0,560.0,47.2,400.0,9.5,9.64,16.46125,0.20154088710740192,False,0
D1T1B,560.0,561.0,570.0,51.2,432.0,12.15,12.825,16.46125,0.3407511847134371,False,0
D1T1B,570.0,571.0,580.0,55.6,480.0,8.7,20.21,16.46125,0.4801771666604215,False,1
D1T1B,580.0,581.0,590.0,90.0,1216.0,39.05,40.185,16.46125,0.9364820706419213,True,1
D1T1B,590.0,591.0,600.0,70.4,976.0,38.85,5.6450000000000005,16.46125,0.9163051530771671,True,0
D1T1B,600.0,601.0,610.0,0.0,0.0,0.0,0.425,16.46125,0.1175909825857287,False,0
D1T1B,610.0,611.0,620.0,0.0,128.0,1.95,2.3,16.46125,0.1368549001614625,False,0
D1T1B,620.0,621.0,630.0,0.0,160.0,2.4,2.32,16.46125,0.03532493970096983,False,0
D1T1B,630.0,631.0,640.0,0.0,160.0,2.3,2.3850000000000002,16.46125,0.029316344336449092,False,0
D1T1B,640.0,641.0,650.0,0.0,176.0,2.55,2.575,16.46125,0.053672018656794156,False,0
D1T1B,650.0,651.0,660.0,0.0,176.0,2.6,2.6499999999999995,16.46125,0.052189007676726726,False,0
D1T1B,660.0,661.0,670.0,0.0,192.0,2.65,2.6849999999999996,16.46125,0.051081437111056734,False,0
D1T1B,670.0,671.0,680.0,0.0,192.0,2.65,2.69,16.46125,0.04106442919424251,False,0
D1T1B,680.0,681.0,690.0,0.0,192.0,2.7,2.65,16.46125,0.03897049950371087,False,0
D1T1B,690.0,691.0,700.0,0.0,176.0,2.65,3.37,16.46125,0.05199516260128009,False,0
D1T1B,700.0,701.0,710.0,0.0,400.0,5.9,9.055,16.46125,0.30751260334254343,False,0
D1T1B,710.0,711.0,720.0,51.6,480.0,12.85,6.119999999999999,16.46125,0.6140097934484241,True,0
D1T1B,720.0,721.0,730.0,16.4,176.0,2.65,2.57,16.46125,0.14948900003843765,False,0
D1T1B,730.0,731.0,740.0,0.0,160.0,2.25,10.895,16.46125,0.11617331393044107,False,0
D1T1B,740.0,741.0,750.0,55.2,464.0,16.0,27.389999999999997,16.46125,0.6864537404227005,True,1
D1T1B,750.0,751.0,760.0,99.6,1504.0,43.15,22.055,16.46125,0.820858959784431,True,1
D1T1B,760.0,761.0,770.0,50.4,304.0,9.6,0.0,16.46125,0.3908812731456891,False,0
D1T1B,770.0,771.0,780.0,0.0,0.0,0.0,0.0,16.46125,0.027335754663330037,False,0
D1T1B,780.0,781.0,790.0,0.0,0.0,0.0,0.0,16.46125,0.040219011643741566,False,0
D1T1B,790.0,791.0,800.0,0.0,0.0,0.0,14.660000000000002,16.46125,0.01771693091717482,False,0
D1T1B,800.0,801.0,810.0,64.4,592.0,14.8,9.13,16.46125,0.7060258605585045,True,0
D1T1B,810.0,811.0,820.0,0.0,0.0,0.0,1.0050000000000001,16.46125,0.10790542754581461,False,0
D1T1B,820.0,821.0,830.0,0.0,144.0,2.15,2.255,16.46125,0.2796443786751342,False,0
D1T1B,830.0,831.0,840.0,0.0,160.0,2.25,4.265,16.46125,0.04226220831353724,False,0
D1T1B,840.0,841.0,850.0,50.8,560.0,13.35,21.735000000000003,16.46125,0.7119278105012612,True,1
D1T1B,850.0,851.0,860.0,88.8,1360.0,38.2,38.915000000000006,16.46125,0.8641278497715119,True,1
D1T1B,860.0,861.0,870.0,87.6,928.0,27.3,23.905,16.46125,0.7357008482530086,True,1
D1T1B,870.0,871.0,880.0,100.0,1408.0,44.65,46.81,16.46125,0.9342114709509004,True,1
D1T1B,880.0,881.0,890.0,86.4,1328.0,43.55,44.864999999999995,16.46125,0.9002232261446718,True,1
D1T1B,890.0,891.0,900.0,83.6,1152.0,30.9,22.910000000000004,16.46125,0.9228821263188344,True,1
D1T1B,900.0,901.0,910.0,2.0,0.0,0.0,0.0,16.46125,0.22544366530190557,False,0
D1T1B,910.0,911.0,920.0,0.0,0.0,0.0,16.845,16.46125,0.024149923559606705,False,1
D1T1B,920.0,921.0,930.0,76.4,1264.0,35.6,30.24,16.46125,0.9155483927900185,True,1
D1T1B,930.0,931.0,940.0,54.8,784.0,15.65,28.814999999999998,16.46125,0.750765550485866,True,1
D1T1B,940.0,941.0,950.0,0.0,0.0,0.0,0.0,16.46125,0.20574472087081427,False,0
D1T1B,950.0,951.0,960.0,0.0,0.0,0.0,0.0,16.46125,0.0438516709399239,False,0
D1T1B,960.0,961.0,970.0,0.0,0.0,0.0,0.0,16.46125,0.049087124702591904,False,0
D1T1B,970.0,971.0,980.0,0.0,0.0,0.0,0.54,16.46125,0.04040243852770937,False,0
D1T1B,980.0,981.0,990.0,0.0,160.0,2.55,2.26,16.46125,0.15386487181335703,False,0
D1T1B,990.0,991.0,1000.0,0.0,160.0,2.25,2.3200000000000003,16.46125,0.06554476499692889,False,0
D1T1B,1000.0,1001.0,1010.0,0.0,160.0,2.3,15.934999999999999,16.46125,0.024165701141405375,False,0
D1T1B,1010.0,1011.0,1020.0,91.2,880.0,31.15,34.735,16.46125,0.9099296296355646,True,1
D1T1B,1020.0,1021.0,1030.0,34.8,128.0,3.95,0.49000000000000005,16.46125,0.3692658200225485,False,0
D1T1B,1030.0,1031.0,1040.0,0.0,0.0,0.0,31.134999999999998,16.46125,0.11273053812611696,False,1
D1T1B,1040.0,1041.0,1050.0,100.0,1552.0,55.65,38.85,16.46125,0.9022742873545663,True,1
D1T1B,1050.0,1051.0,1060.0,100.0,1552.0,56.1,52.85,16.46125,0.9293005149819638,True,1
D1T1B,1060.0,1061.0,1070.0,95.6,1536.0,49.85,19.425,16.46125,0.8714999632736635,True,1
D1T1B,1070.0,1071.0,1080.0,45.6,400.0,9.65,3.29,16.46125,0.36748293735944304,False,0
D1T1B,1080.0,1081.0,1090.0,0.0,0.0,0.0,0.665,16.46125,0.10740939136303697,False,0
D1T1B,1090.0,1091.0,1100.0,40.8,432.0,6.2,29.52,16.46125,0.34827302884311157,False,1
D1T1B,1100.0,1101.0,1110.0,0.0,0.0,0.0,0.0,16.46125,0.23391033634388855,False,0
D1T1B,1110.0,1111.0,1120.0,0.0,0.0,0.0,0.0,16.46125,0.03527947570373605,False,0
D1T1B,1120.0,1121.0,1130.0,0.0,0.0,0.0,0.0,16.46125,0.07045267222699014,False,0
D1T1B,1130.0,1131.0,1140.0,0.0,0.0,0.0,1.13,16.46125,0.05460864406509657,False,0
D1T1B,1140.0,1141.0,1150.0,0.0,96.0,1.45,2.505,16.46125,0.14411977611850188,False,0
D1T1B,1150.0,1151.0,1160.0,0.0,176.0,2.45,2.4949999999999997,16.46125,0.08824008032720039,False,0
D1T1B,1160.0,1161.0,1170.0,0.0,160.0,2.4,2.3850000000000002,16.46125,0.06745466254311284,False,0
D1T1B,1170.0,1171.0,1180.0,0.0,160.0,2.35,2.3350000000000004,16.46125,0.04426179288164924,False,0
D1T1B,1180.0,1181.0,1190.0,0.0,160.0,2.35,2.6900000000000004,16.46125,0.03187603828407628,False,0
D1T1B,1190.0,1191.0,1200.0,0.0,400.0,5.9,9.565,16.46125,0.3472430898558681,False,0
D1T1B,1200.0,1201.0,1210.0,17.6,96.0,1.6,1.8199999999999998,16.46125,0.2349321236320549,False,0
D1T1B,1210.0,1211.0,1220.0,29.2,240.0,4.0,20.220000000000002,16.46125,0.2379407768904262,False,1
D1T1B,1220.0,1221.0,1230.0,65.2,624.0,22.65,18.86,16.46125,0.8336964656602431,True,1
D1T1B,1230.0,1231.0,1240.0,66.4,864.0,21.45,26.240000000000002,16.46125,0.8220642583427223,True,1
D1T1B,1240.0,1241.0,1250.0,66.4,944.0,29.95,9.540000000000001,16.46125,0.8453965677426153,True,0
D1T1B,1250.0,1251.0,1260.0,0.0,0.0,0.0,0.0,16.46125,0.10012325202994438,False,0
D1T1B,1260.0,1261.0,1270.0,0.0,0.0,0.0,17.91,16.46125,0.022646813838693606,False,1
D1T1B,1270.0,1271.0,1280.0,69.2,576.0,21.95,22.33,16.46125,0.8171095885191028,True,1
D1T1B,1280.0,1281.0,1290.0,70.4,944.0,24.7,29.3,16.46125,0.8531077203747466,True,1
D1T1B,1290.0,1291.0,1300.0,52.8,464.0,12.6,25.205000000000002,16.46125,0.5847937162164282,True,1
D1T1B,1300.0,1301.0,1310.0,66.0,752.0,22.85,21.0,16.46125,0.8765481044299199,True,1
D1T1B,1310.0,1311.0,1320.0,71.6,688.0,34.95,26.915,16.46125,0.8839736328898417,True,1
D1T1B,1320.0,1321.0,1330.0,66.8,640.0,25.2,41.940000000000005,16.46125,0.8701539512395733,True,1
D1T1B,1330.0,1331.0,1340.0,100.0,1376.0,45.35,48.755,16.46125,0.9434397074695098,True,1
D1T1B,1340.0,1341.0,1350.0,100.0,1552.0,49.2,24.189999999999998,16.46125,0.8755257524761281,True,1
D1T1B,1350.0,1351.0,1360.0,68.8,704.0,12.6,19.175,16.46125,0.6431756053630747,True,1
D1T1B,1360.0,1361.0,1370.0,0.0,0.0,0.0,0.0,16.46125,0.20637764744259027,False,0
D1T1B,1370.0,1371.0,1380.0,0.0,0.0,0.0,0.0,16.46125,0.04608068058492462,False,0
D1T1B,1380.0,1381.0,1390.0,0.0,0.0,0.0,14.255,16.46125,0.05682835354414286,False,0
D1T1B,1390.0,1391.0,1400.0,74.4,944.0,31.05,3.6849999999999996,16.46125,0.9191846563634404,True,0
D1T1B,1400.0,1401.0,1410.0,0.0,0.0,0.0,0.0,16.46125,0.09634775215567293,False,0
D1T1B,1410.0,1411.0,1420.0,0.0,0.0,0.0,0.015,16.46125,0.15510225886651796,False,0
D1T1B,1420.0,1421.0,1430.0,0.0,16.0,0.15,2.5699999999999994,16.46125,0.05159000735129077,False,0
D1T1B,1430.0,1431.0,1440.0,0.0,176.0,2.65,2.665,16.46125,0.06472748679554036,False,0
D1T1B,1440.0,1441.0,1450.0,0.0,320.0,2.85,7.425000000000002,16.46125,0.2866271883092622,False,0
D1T1B,1450.0,1451.0,1460.0,38.4,208.0,5.9,0.005,16.46125,0.30975480307852377,False,0
D1T1B,1460.0,1461.0,1470.0,0.0,0.0,0.0,0.0,16.46125,0.04705005556791627,False,0
D1T1B,1470.0,1471.0,1480.0,0.0,0.0,0.0,0.0,16.46125,0.045604929188243694,False,0
D1T1B,1480.0,1481.0,1490.0,0.0,0.0,0.0,0.0,16.46125,0.0419559055431037,False,0
D1T1B,1490.0,1491.0,1500.0,0.0,0.0,0.0,0.0,16.46125,0.028897001615355303,False,0
D1T1B,1500.0,1501.0,1510.0,0.0,0.0,0.0,0.0,16.46125,0.02029475888608751,False,0
D1T1B,1510.0,1511.0,1520.0,0.0,0.0,0.0,0.0,16.46125,0.016305407620076023,False,0
D1T1B,1520.0,1521.0,1530.0,0.0,0.0,0.0,12.565000000000001,16.46125,0.021858496596459064,False,0
D1T1B,1530.0,1531.0,1540.0,100.0,1264.0,38.5,44.735,16.46125,0.9438238528531432,True,1
D1T1B,1540.0,1541.0,1550.0,91.2,1536.0,52.8,20.615,16.46125,0.8184105070513157,True,1
D1T1B,1550.0,1551.0,1560.0,61.2,368.0,17.25,30.225,16.46125,0.4659247122735527,False,1
D1T1B,1560.0,1561.0,1570.0,100.0,1520.0,56.85,57.335,16.46125,0.9064625540222813,True,1
D1T1B,1570.0,1571.0,1580.0,100.0,1552.0,53.95,45.6,16.46125,0.8148308396727654,True,1
D1T1B,1580.0,1581.0,1590.0,77.6,1296.0,38.8,13.065000000000001,16.46125,0.8925290570780473,True,0
D1T1B,1590.0,1591.0,1600.0,0.0,0.0,0.0,0.0,16.46125,0.09770308329081454,False,0
D1T1B,1600.0,1601.0,1610.0,0.0,0.0,0.0,0.0,16.46125,0.031889215668120655,False,0
D1T1B,1610.0,1611.0,1620.0,0.0,0.0,0.0,0.0,16.46125,0.04427108713972641,False,0
D1T1B,1620.0,1621.0,1630.0,0.0,0.0,0.0,0.0,16.46125,0.01784426640408184,False,0
D1T1B,1630.0,1631.0,1640.0,0.0,0.0,0.0,0.0,16.46125,0.01683023953056716,False,0
D1T1B,1640.0,1641.0,1650.0,0.0,0.0,0.0,0.0,16.46125,0.022159432839328985,False,0
D1T1B,1650.0,1651.0,1660.0,0.0,0.0,0.0,0.0,16.46125,0.018904670872014542,False,0
D1T1B,1660.0,1661.0,1670.0,0.0,0.0,0.0,0.49000000000000005,16.46125,0.021239862238654258,False,0
D1T1B,1670.0,1671.0,1680.0,49.2,192.0,4.9,33.690000000000005,16.46125,0.3596163212089173,False,1
D1T1B,1680.0,1681.0,1690.0,72.8,1168.0,35.15,28.054999999999996,16.46125,0.79734883748382,True,1
D1T1B,1690.0,1691.0,1700.0,74.8,1216.0,38.5,28.595000000000006,16.46125,0.928674697409792,True,1
D1T1B,1700.0,1701.0,1710.0,71.6,928.0,28.55,23.065,16.46125,0.8631037222533603,True,1
D1T1B,1710.0,1711.0,1720.0,70.8,864.0,30.75,8.290000000000001,16.46125,0.8921463335481882,True,0
D1T1B,1720.0,1721.0,1730.0,0.0,0.0,0.0,17.830000000000002,16.46125,0.13560234818254938,False,1
D1T1B,1730.0,1731.0,1740.0,66.4,656.0,23.0,15.030000000000001,16.46125,0.9056054492415565,True,0
D1T1B,1740.0,1741.0,1750.0,50.4,384.0,11.65,6.635,16.46125,0.37644181476864685,False,0
D1T1B,1750.0,1751.0,1760.0,31.6,240.0,4.75,3.1949999999999994,16.46125,0.21637385730727296,False,0
D1T1B,1760.0,1761.0,1770.0,0.0,192.0,2.95,2.65,16.46125,0.20643867655597717,False,0
D1T2,9.0,10.0,19.0,38.8,432.0,5.85,9.305000000000001,17.20375,0.5429277232687687,True,0
D1T2,19.0,20.0,29.0,40.4,320.0,8.0,10.695000000000002,17.20375,0.24293934262621836,False,0
D1T2,29.0,30.0,39.0,48.0,400.0,10.9,1.3250000000000002,17.20375,0.27005828551788197,False,0
D1T2,39.0,40.0,49.0,0.0,0.0,0.0,7.364999999999999,17.20375,0.25157253307210586,False,0
D1T2,49.0,50.0,59.0,41.6,304.0,7.3,2.76,17.20375,0.37831495980558366,False,0
D1T2,59.0,60.0,69.0,0.0,176.0,2.55,2.675,17.20375,0.22291343255334448,False,0
D1T2,69.0,70.0,79.0,0.0,192.0,2.7,3.46,17.20375,0.1258701257568178,False,0
D1T2,79.0,80.0,89.0,21.2,352.0,5.2,6.859999999999999,17.20375,0.511013886773468,True,0
D1T2,89.0,90.0,99.0,4.8,176.0,2.6,1.565,17.20375,0.21512440513013645,False,0
D1T2,99.0,100.0,109.0,0.0,0.0,0.0,8.47,17.20375,0.2534629587737816,False,0
D1T2,109.0,110.0,119.0,65.6,560.0,19.7,20.875,17.20375,0.7542443449660788,True,1
D1T2,119.0,120.0,129.0,63.2,576.0,26.15,2.16,17.20375,0.7122570111397867,True,0
D1T2,129.0,130.0,139.0,0.0,0.0,0.0,0.0,17.20375,0.22783618972863562,False,0
D1T2,139.0,140.0,149.0,0.0,0.0,0.0,13.145,17.20375,0.04977060430976983,False,0
D1T2,149.0,150.0,159.0,92.0,1248.0,41.25,49.775000000000006,17.20375,0.89485524616518,True,1
D1T2,159.0,160.0,169.0,91.6,1408.0,54.6,46.55,17.20375,0.9351496396232399,True,1
D1T2,169.0,170.0,179.0,79.2,1184.0,40.7,17.975,17.20375,0.8644647718910902,True,1
D1T2,179.0,180.0,189.0,50.0,448.0,11.3,15.23,17.20375,0.3441005392868387,False,0
D1T2,189.0,190.0,199.0,52.8,576.0,22.3,18.06,17.20375,0.7393625779427273,True,1
D1T2,199.0,200.0,209.0,0.0,0.0,0.0,0.0,17.20375,0.1223602252460905,False,0
D1T2,209.0,210.0,219.0,0.0,0.0,0.0,0.0,17.20375,0.025576761122375634,False,0
D1T2,219.0,220.0,229.0,0.0,0.0,0.0,0.0,17.20375,0.06597592192192765,False,0
D1T2,229.0,230.0,239.0,0.0,0.0,0.0,13.45,17.20375,0.05653659630584569,False,0
D1T2,239.0,240.0,249.0,70.8,784.0,29.3,28.01,17.20375,0.8406539022632716,True,1
D1T2,249.0,250.0,259.0,70.0,624.0,29.85,31.055,17.20375,0.8768000610184954,True,1
D1T2,259.0,260.0,269.0,75.2,960.0,29.6,29.25,17.20375,0.8662945986033006,True,1
D1T2,269.0,270.0,279.0,72.8,912.0,31.05,21.68,17.20375,0.8632785947920797,True,1
D1T2,279.0,280.0,289.0,0.0,0.0,0.0,1.86,17.20375,0.10460601074757933,False,0
D1T2,289.0,290.0,299.0,52.0,512.0,10.9,9.639999999999999,17.20375,0.6556422514074876,True,0
D1T2,299.0,300.0,309.0,0.0,176.0,2.3,3.6450000000000005,17.20375,0.14636819186880343,False,0
D1T2,309.0,310.0,319.0,0.0,192.0,2.85,2.8550000000000004,17.20375,0.12429708841931748,False,0
D1T2,319.0,320.0,329.0,0.0,192.0,2.85,2.8600000000000003,17.20375,0.11037007822800117,False,0
D1T2,329.0,330.0,339.0,0.0,192.0,2.85,2.56,17.20375,0.08655052341360317,False,0
D1T2,339.0,340.0,349.0,0.0,160.0,2.3,2.31,17.20375,0.09385072308183717,False,0
D1T2,349.0,350.0,359.0,0.0,160.0,2.3,5.574999999999999,17.20375,0.09724885854645673,False,0
D1T2,359.0,360.0,369.0,60.0,688.0,17.9,28.214999999999996,17.20375,0.8453575875019408,True,1
D1T2,369.0,370.0,379.0,78.4,896.0,35.9,30.415,17.20375,0.9271105476323127,True,1
D1T2,379.0,380.0,389.0,74.0,944.0,32.05,20.38,17.20375,0.8443745925955163,True,1
D1T2,389.0,390.0,399.0,60.8,592.0,15.95,13.915000000000001,17.20375,0.7005247804575319,True,0
D1T2,399.0,400.0,409.0,17.6,16.0,2.05,0.0,17.20375,0.1553302425171872,False,0
D1T2,409.0,410.0,419.0,0.0,0.0,0.0,0.53,17.20375,0.09856728632377161,False,0
D1T2,419.0,420.0,429.0,35.6,208.0,5.3,23.830000000000002,17.20375,0.4738747080989523,False,1
D1T2,429.0,430.0,439.0,66.4,768.0,23.5,16.009999999999998,17.20375,0.8563730461477355,True,0
D1T2,439.0,440.0,449.0,53.2,480.0,13.95,13.495,17.20375,0.6105212849637087,True,0
D1T2,449.0,450.0,459.0,50.0,512.0,12.7,12.885,17.20375,0.5304899083086658,True,0
D1T2,459.0,460.0,469.0,49.6,432.0,11.45,21.38,17.20375,0.28946504133253637,False,1
D1T2,469.0,470.0,479.0,64.4,656.0,21.35,9.395,17.20375,0.8718258457515153,True,0
D1T2,479.0,480.0,489.0,56.4,592.0,15.3,6.119999999999999,17.20375,0.626819346839074,True,0
D1T2,489.0,490.0,499.0,0.0,0.0,0.0,0.0,17.20375,0.11001115116381331,False,0
D1T2,499.0,500.0,509.0,0.0,0.0,0.0,0.0,17.20375,0.09789293128217132,False,0
D1T2,509.0,510.0,519.0,0.0,0.0,0.0,2.72,17.20375,0.1452210184744429,False,0
D1T2,519.0,520.0,529.0,0.0,0.0,0.0,0.0,17.20375,0.28616301319540105,False,0
D1T2,529.0,530.0,539.0,0.0,0.0,0.0,7.955000000000001,17.20375,0.09936715852587728,False,0
D1T2,539.0,540.0,549.0,48.0,320.0,10.15,5.069999999999999,17.20375,0.46452695025578145,False,0
D1T2,549.0,550.0,559.0,0.0,0.0,0.0,0.0,17.20375,0.13337333604516838,False,0
D1T2,559.0,560.0,569.0,0.0,0.0,0.0,0.0,17.20375,0.04866283682889931,False,0
D1T2,569.0,570.0,579.0,0.0,0.0,0.0,2.5200000000000005,17.20375,0.20382538788674537,False,0
D1T2,579.0,580.0,589.0,56.8,400.0,11.75,15.15,17.20375,0.4955351312113249,False,0
D1T2,589.0,590.0,599.0,55.2,400.0,13.05,1.6949999999999998,17.20375,0.41205217459970034,False,0
D1T2,599.0,600.0,609.0,0.0,224.0,3.3,2.8000000000000003,17.20375,0.25824818592828674,False,0
D1T2,609.0,610.0,619.0,0.0,192.0,2.85,2.6350000000000002,17.20375,0.05387720668881614,False,0
D1T2,619.0,620.0,629.0,0.0,160.0,2.35,2.3400000000000003,17.20375,0.10554488231656987,False,0
D1T2,629.0,630.0,639.0,0.0,144.0,2.25,2.31,17.20375,0.06202387045926711,False,0
D1T2,639.0,640.0,649.0,0.0,160.0,2.3,9.665000000000001,17.20375,0.07330800267940886,False,0
D1T2,649.0,650.0,659.0,58.8,560.0,16.6,17.814999999999998,17.20375,0.7338553716442404,True,1
D1T2,659.0,660.0,669.0,63.2,624.0,21.0,23.384999999999998,17.20375,0.8666416046495898,True,1
D1T2,669.0,670.0,679.0,67.6,624.0,23.6,16.565,17.20375,0.8608904757480108,True,0
D1T2,679.0,680.0,689.0,52.4,416.0,12.75,5.970000000000001,17.20375,0.3815416041551294,False,0
D1T2,689.0,690.0,699.0,65.6,960.0,19.4,43.37,17.20375,0.7957403951110318,True,1
D1T2,699.0,700.0,709.0,100.0,1392.0,50.5,42.78000000000001,17.20375,0.8984871028107735,True,1
D1T2,709.0,710.0,719.0,74.8,1040.0,32.55,26.044999999999998,17.20375,0.8259152537737111,True,1
D1T2,719.0,720.0,729.0,65.6,752.0,22.85,8.690000000000001,17.20375,0.8167017411999482,True,0
D1T2,729.0,730.0,739.0,0.0,0.0,0.0,0.615,17.20375,0.11071288284320316,False,0
D1T2,739.0,740.0,749.0,0.0,0.0,0.0,0.0,17.20375,0.2476615694128746,False,0
D1T2,749.0,750.0,759.0,0.0,0.0,0.0,2.23,17.20375,0.14710401256202338,False,0
D1T2,759.0,760.0,769.0,0.0,192.0,2.75,2.755,17.20375,0.3360386543637338,False,0
D1T2,769.0,770.0,779.0,0.0,192.0,2.7,2.6550000000000002,17.20375,0.05866029800168888,False,0
D1T2,779.0,780.0,789.0,0.0,176.0,2.6,2.485,17.20375,0.07944851276911512,False,0
D1T2,789.0,790.0,799.0,0.0,160.0,2.4,3.1100000000000003,17.20375,0.07868345185321816,False,0
D1T2,799.0,800.0,809.0,0.0,32.0,0.8,0.02,17.20375,0.15456396653572863,False,0
D1T2,809.0,810.0,819.0,0.0,0.0,0.0,0.0,17.20375,0.09444440938013932,False,0
D1T2,819.0,820.0,829.0,0.0,0.0,0.0,5.77,17.20375,0.06548910192710475,False,0
D1T2,829.0,830.0,839.0,42.0,384.0,8.65,3.185,17.20375,0.5052707361229029,True,0
D1T2,839.0,840.0,849.0,0.0,256.0,3.55,4.289999999999999,17.20375,0.2708729714504824,False,0
D1T2,849.0,850.0,859.0,0.0,336.0,4.9,5.140000000000001,17.20375,0.17912259485011395,False,0
D1T2,859.0,860.0,869.0,4.4,352.0,5.25,5.05,17.20375,0.2738190041156996,False,0
D1T2,869.0,870.0,879.0,0.0,352.0,5.1,4.425,17.20375,0.18919193797872388,False,0
D1T2,879.0,880.0,889.0,50.0,640.0,10.25,20.714999999999996,17.20375,0.7202254254064111,True,1
D1T2,889.0,890.0,899.0,70.4,704.0,24.8,21.285,17.20375,0.846629342343327,True,1
D1T2,899.0,900.0,909.0,63.2,592.0,19.55,13.330000000000002,17.20375,0.7776528576188076,True,0
D1T2,909.0,910.0,919.0,42.8,352.0,8.8,7.084999999999999,17.20375,0.24732264924512748,False,0
D1T2,919.0,920.0,929.0,43.2,320.0,8.45,7.31,17.20375,0.22634151726683843,False,0
D1T2,929.0,930.0,939.0,41.6,288.0,7.75,7.980000000000001,17.20375,0.2297071815909889,False,0
D1T2,939.0,940.0,949.0,42.8,352.0,8.45,9.799999999999999,17.20375,0.19887767240582363,False,0
D1T2,949.0,950.0,959.0,50.8,448.0,12.2,10.07,17.20375,0.30692078306969994,False,0
D1T2,959.0,960.0,969.0,44.8,352.0,8.8,8.694999999999999,17.20375,0.20907494518656525,False,0
D1T2,969.0,970.0,979.0,66.4,720.0,23.5,20.494999999999997,17.20375,0.8430570564841653,True,1
D1T2,979.0,980.0,989.0,60.0,576.0,16.9,14.464999999999998,17.20375,0.711602840919104,True,0
D1T2,989.0,990.0,999.0,0.0,0.0,0.0,0.0,17.20375,0.12343355822591928,False,0
D1T2,999.0,1000.0,1009.0,0.0,0.0,0.0,0.0,17.20375,0.06774475211414986,False,0
D1T2,1009.0,1010.0,1019.0,0.0,0.0,0.0,0.0,17.20375,0.06776062513002289,False,0
D1T2,1019.0,1020.0,1029.0,0.0,0.0,0.0,13.219999999999999,17.20375,0.14974295275270624,False,0
D1T2,1029.0,1030.0,1039.0,60.4,624.0,18.4,4.96,17.20375,0.7429550781306833,True,0
D1T2,1039.0,1040.0,1049.0,0.0,0.0,0.0,0.0,17.20375,0.1235380088100922,False,0
D1T2,1049.0,1050.0,1059.0,0.0,0.0,0.0,0.0,17.20375,0.0747236586215724,False,0
D1T2,1059.0,1060.0,1069.0,0.0,0.0,0.0,0.0,17.20375,0.10615505907154871,False,0
D1T2,1069.0,1070.0,1079.0,20.4,0.0,0.0,2.1149999999999998,17.20375,0.4134231955964529,False,0
D1T2,1079.0,1080.0,1089.0,0.0,0.0,0.0,0.29500000000000004,17.20375,0.20929214844043764,False,0
D1T2,1089.0,1090.0,1099.0,0.0,0.0,0.0,0.0,17.20375,0.3435865485734472,False,0
D1T2,1099.0,1100.0,1109.0,0.0,0.0,0.0,1.72,17.20375,0.10155013507223089,False,0
D1T2,1109.0,1110.0,1119.0,0.0,176.0,2.65,2.745,17.20375,0.3004224315310958,False,0
D1T2,1119.0,1120.0,1129.0,0.0,192.0,2.7,2.715,17.20375,0.05677434149477079,False,0
D1T2,1129.0,1130.0,1139.0,0.0,192.0,2.7,14.59,17.20375,0.0634846140587019,False,0
D1T2,1139.0,1140.0,1149.0,78.4,944.0,36.2,22.550000000000004,17.20375,0.9043616411065208,True,1
D1T2,1149.0,1150.0,1159.0,57.2,464.0,12.8,21.365000000000002,17.20375,0.5721988158885671,True,1
D1T2,1159.0,1160.0,1169.0,11.2,144.0,6.1,7.470000000000001,17.20375,0.15117964048764754,False,0
D1T2,1169.0,1170.0,1179.0,53.2,496.0,13.05,13.930000000000001,17.20375,0.6446953631910459,True,0
D1T2,1179.0,1180.0,1189.0,61.2,704.0,18.5,10.925,17.20375,0.6948866154758013,True,0
D1T2,1189.0,1190.0,1199.0,0.0,0.0,0.0,1.9700000000000002,17.20375,0.18330359050087694,False,0
D1T2,1199.0,1200.0,1209.0,0.0,160.0,2.35,2.3550000000000004,17.20375,0.338131552816935,False,0
D1T2,1209.0,1210.0,1219.0,0.0,160.0,2.35,2.375,17.20375,0.10964549787257863,False,0
D1T2,1219.0,1220.0,1229.0,0.0,160.0,2.35,2.3150000000000004,17.20375,0.0636726929361608,False,0
D1T2,1229.0,1230.0,1239.0,0.0,160.0,2.3,5.549999999999999,17.20375,0.054239936481665224,False,0
D1T2,1239.0,1240.0,1249.0,76.0,800.0,21.15,17.665,17.20375,0.8811783734055483,True,1
D1T2,1249.0,1250.0,1259.0,0.0,0.0,0.0,0.275,17.20375,0.12837402639674797,False,0
D1T2,1259.0,1260.0,1269.0,0.0,144.0,2.05,2.31,17.20375,0.1988139279391652,False,0
D1T2,1269.0,1270.0,1279.0,0.0,160.0,2.3,2.775,17.20375,0.09740951160643979,False,0
D1T2,1279.0,1280.0,1289.0,39.2,464.0,6.4,13.915000000000001,17.20375,0.5928507389005516,True,0
D1T2,1289.0,1290.0,1299.0,58.4,512.0,11.65,2.54,17.20375,0.5526009983907771,True,0
D1T2,1299.0,1300.0,1309.0,0.0,160.0,2.35,2.2849999999999997,17.20375,0.195700776836452,False,0
D1T2,1309.0,1310.0,1319.0,0.0,160.0,2.3,2.5100000000000002,17.20375,0.15798304473884983,False,0
D1T2,1319.0,1320.0,1329.0,0.0,176.0,2.6,2.6,17.20375,0.06429230105064014,False,0
D1T2,1329.0,1330.0,1339.0,0.0,176.0,2.6,2.915,17.20375,0.0543914428003633,False,0
D1T2,1339.0,1340.0,1349.0,0.0,448.0,5.3,4.835,17.20375,0.2661665870459513,False,0
D1T2,1349.0,1350.0,1359.0,19.2,288.0,4.15,19.6,17.20375,0.391807805314912,False,1
D1T2,1359.0,1360.0,1369.0,62.4,512.0,15.4,4.8,17.20375,0.6983474696315439,True,0
D1T2,1369.0,1370.0,1379.0,0.0,0.0,0.0,0.0,17.20375,0.12133136158080975,False,0
D1T2,1379.0,1380.0,1389.0,0.0,0.0,0.0,8.0,17.20375,0.06708956770451706,False,0
D1T2,1389.0,1390.0,1399.0,57.2,400.0,11.5,4.195,17.20375,0.5390957847773452,True,0
D1T2,1399.0,1400.0,1409.0,0.0,0.0,0.0,0.0,17.20375,0.12974781497251262,False,0
D1T2,1409.0,1410.0,1419.0,0.0,0.0,0.0,0.0,17.20375,0.07941537985502181,False,0
D1T2,1419.0,1420.0,1429.0,0.0,0.0,0.0,1.4600000000000002,17.20375,0.12568595002838895,False,0
D1T2,1429.0,1430.0,1439.0,0.0,192.0,2.65,2.295,17.20375,0.1886390947231921,False,0
D1T2,1439.0,1440.0,1449.0,0.0,160.0,2.3,2.3,17.20375,0.11651155906746721,False,0
D1T2,1449.0,1450.0,1459.0,0.0,160.0,2.3,2.3,17.20375,0.03998767653371457,False,0
D1T2,1459.0,1460.0,1469.0,0.0,160.0,2.3,4.74,17.20375,0.08995728437057755,False,0
D1T2,1469.0,1470.0,1479.0,51.6,544.0,13.35,14.715,17.20375,0.7948260003381599,True,0
D1T2,1479.0,1480.0,1489.0,48.8,480.0,11.3,0.8300000000000001,17.20375,0.5146397858777576,True,0
D1T2,1489.0,1490.0,1499.0,0.0,80.0,0.0,2.715,17.20375,0.232943973366974,False,0
D1T2,1499.0,1500.0,1509.0,0.0,224.0,3.3,3.675,17.20375,0.11370097423227168,False,0
D1T2,1509.0,1510.0,1519.0,0.0,272.0,3.85,3.6700000000000004,17.20375,0.11651564326301621,False,0
D1T2,1519.0,1520.0,1529.0,0.0,352.0,5.1,4.4350000000000005,17.20375,0.21222780109080958,False,0
D1T2,1529.0,1530.0,1539.0,0.0,288.0,4.2,8.344999999999999,17.20375,0.16445014549716133,False,0
D1T2,1539.0,1540.0,1549.0,65.6,768.0,25.15,25.765000000000004,17.20375,0.8566533193860261,True,1
D1T2,1549.0,1550.0,1559.0,78.8,768.0,21.05,28.369999999999997,17.20375,0.8415788756470509,True,1
D1T2,1559.0,1560.0,1569.0,57.2,608.0,15.1,5.555000000000001,17.20375,0.6885141512530586,True,0
D1T2,1569.0,1570.0,1579.0,0.0,0.0,0.0,0.55,17.20375,0.1407776911737537,False,0
D1T2,1579.0,1580.0,1589.0,0.0,192.0,2.9,3.5550000000000006,17.20375,0.20338264527508326,False,0
D1T2,1589.0,1590.0,1599.0,0.0,192.0,2.7,2.62,17.20375,0.14716862768430275,False,0
D1T2,1599.0,1600.0,1609.0,0.0,160.0,2.35,4.4399999999999995,17.20375,0.06755654591212272,False,0
D1T2,1609.0,1610.0,1619.0,43.2,464.0,8.65,21.410000000000004,17.20375,0.6297140355626271,True,1
D1T2,1619.0,1620.0,1629.0,79.6,1312.0,37.85,13.934999999999997,17.20375,0.8888357084681104,True,0
D1T2,1629.0,1630.0,1639.0,16.8,0.0,0.2,7.760000000000001,17.20375,0.11741076556237784,False,0
D1T2,1639.0,1640.0,1649.0,49.6,464.0,11.4,6.455,17.20375,0.5745873708011918,True,0
D1T2,1649.0,1650.0,1659.0,0.0,96.0,1.3,3.5100000000000002,17.20375,0.13954094309444512,False,0
D1T2,1659.0,1660.0,1669.0,27.2,320.0,4.5,11.7,17.20375,0.5123725828523024,True,0
D1T2,1669.0,1670.0,1679.0,51.6,480.0,12.6,8.73,17.20375,0.5655133476483765,True,0
D1T2,1679.0,1680.0,1689.0,41.6,352.0,7.95,15.444999999999999,17.20375,0.2779753922709347,False,0
D1T2,1689.0,1690.0,1699.0,67.6,672.0,23.95,24.36,17.20375,0.8775360976195317,True,1
D1T2,1699.0,1700.0,1709.0,67.2,560.0,16.2,24.589999999999996,17.20375,0.743935050775145,True,1
D1T2,1709.0,1710.0,1719.0,75.2,1072.0,33.05,37.075,17.20375,0.8720705428812375,True,1
D1T2,1719.0,1720.0,1729.0,57.6,560.0,15.2,16.57,17.20375,0.6855718636607788,True,0
D1T2,1729.0,1730.0,1739.0,54.4,592.0,12.9,15.935000000000002,17.20375,0.6532342415601421,True,0
D1T2,1739.0,1740.0,1749.0,58.0,592.0,16.8,17.97,17.20375,0.7091842847799755,True,1
D1T2,1749.0,1750.0,1759.0,62.8,752.0,20.1,18.39,17.20375,0.795474456214773,True,1
D1T2,1759.0,1760.0,1769.0,47.6,192.0,15.85,16.759999999999998,17.20375,0.3575799339628628,False,0
D1T2,1769.0,1770.0,1779.0,60.8,688.0,18.4,12.559999999999999,17.20375,0.8084249303934429,True,0
D1T2,1779.0,1780.0,1789.0,0.0,0.0,0.0,1.19,17.20375,0.13699544250485135,False,0
D1T2,1789.0,1790.0,1799.0,36.8,368.0,4.75,3.6349999999999993,17.20375,0.4820095049650563,False,0
D1T2,1799.0,1800.0,1809.0,0.0,160.0,2.25,2.2600000000000002,17.20375,0.20441244541015396,False,0
D1T2,1809.0,1810.0,1819.0,0.0,160.0,2.3,2.2600000000000002,17.20375,0.16384165859205566,False,0
D1T2,1819.0,1820.0,1829.0,0.0,144.0,2.25,2.925,17.20375,0.0722536760639794,False,0
D1T2,1829.0,1830.0,1839.0,0.0,368.0,5.5,5.245,17.20375,0.19966357761257883,False,0
D1T2,1839.0,1840.0,1849.0,0.0,352.0,5.25,6.1850000000000005,17.20375,0.12911817120811434,False,0
D1T2,1849.0,1850.0,1859.0,48.4,544.0,11.5,26.794999999999998,17.20375,0.73478555239932,True,1
D1T2,1859.0,1860.0,1869.0,77.2,1264.0,35.4,40.08,17.20375,0.8778985920302114,True,1
D1T2,1869.0,1870.0,1879.0,85.6,1408.0,48.6,44.650000000000006,17.20375,0.9091500279618718,True,1
D1T2,1879.0,1880.0,1889.0,79.6,1520.0,48.35,19.000000000000004,17.20375,0.8407667356761556,True,1
D1T2,1889.0,1890.0,1899.0,0.0,0.0,0.0,27.235000000000003,17.20375,0.121545502020431,False,1
D1T2,1899.0,1900.0,1909.0,0.0,0.0,0.0,16.02,17.20375,0.2863838159377329,False,0
D1T2,1909.0,1910.0,1919.0,85.6,1152.0,37.6,22.24,17.20375,0.8976949089661683,True,1
D1T2,1919.0,1920.0,1929.0,52.8,336.0,10.85,1.595,17.20375,0.370035948760825,False,0
D1T2,1929.0,1930.0,1939.0,0.0,0.0,0.0,1.7399999999999998,17.20375,0.2884999986850671,False,0
D1T2,1939.0,1940.0,1949.0,0.0,288.0,4.2,4.29,17.20375,0.3517668947106436,False,0
D1T2,1949.0,1950.0,1959.0,0.0,400.0,5.75,12.239999999999998,17.20375,0.20962518658633,False,0
D1T2,1959.0,1960.0,1969.0,19.2,192.0,8.05,2.275,17.20375,0.3292985544822472,False,0
D1T2,1969.0,1970.0,1979.0,0.0,160.0,2.3,2.3150000000000004,17.20375,0.17899784559139306,False,0
D1T2,1979.0,1980.0,1989.0,0.0,160.0,2.3,6.33,17.20375,0.07583924173107741,False,0
D1T2,1989.0,1990.0,1999.0,60.8,672.0,18.2,22.025,17.20375,0.8399908489449267,True,1
D1T2,1999.0,2000.0,2009.0,63.2,784.0,21.25,3.625,17.20375,0.7702896393560421,True,0
D1T2,2009.0,2010.0,2019.0,38.0,304.0,6.5,17.805,17.20375,0.29950248785573413,False,1
D1T2,2019.0,2020.0,2029.0,66.4,928.0,27.7,12.175,17.20375,0.8577290922592339,True,0
D1T2,2029.0,2030.0,2039.0,0.0,0.0,0.0,0.0,17.20375,0.10960344306914933,False,0
D1T2,2039.0,2040.0,2049.0,0.0,0.0,0.0,0.0,17.20375,0.08390403428998311,False,0
D1T2,2049.0,2050.0,2059.0,0.0,0.0,0.0,0.6749999999999999,17.20375,0.12621342240644978,False,0
D1T2,2059.0,2060.0,2069.0,0.0,160.0,2.3,3.2399999999999998,17.20375,0.16610352878508405,False,0
D1T2,2069.0,2070.0,2079.0,0.0,384.0,5.45,18.755000000000003,17.20375,0.30027427635338566,False,1
D1T2,2079.0,2080.0,2089.0,65.2,608.0,23.15,25.805,17.20375,0.8447829278326674,True,1
D1T2,2089.0,2090.0,2099.0,73.6,1040.0,30.8,28.214999999999996,17.20375,0.8308057514482868,True,1
D1T2,2099.0,2100.0,2109.0,66.0,672.0,22.5,11.194999999999999,17.20375,0.8595155437259091,True,0
D1T2,2109.0,2110.0,2119.0,0.0,0.0,0.0,0.8300000000000001,17.20375,0.10460409074619506,False,0
D1T2,2119.0,2120.0,2129.0,0.0,160.0,2.35,2.415,17.20375,0.2756661022624863,False,0
D1T2,2129.0,2130.0,2139.0,0.0,176.0,2.4,4.025,17.20375,0.07174624638435216,False,0
D1T2,2139.0,2140.0,2149.0,31.6,336.0,4.65,4.159999999999999,17.20375,0.5017539361443837,True,0
D1T2,2149.0,2150.0,2159.0,0.0,144.0,2.15,18.44,17.20375,0.15775339001155547,False,1
D1T2,2159.0,2160.0,2169.0,67.6,960.0,25.4,32.44499999999999,17.20375,0.7809034049115512,True,1
D1T2,2169.0,2170.0,2179.0,77.6,1248.0,37.15,27.544999999999998,17.20375,0.8652650095299781,True,1
D1T2,2179.0,2180.0,2189.0,0.0,0.0,0.0,0.0,17.20375,0.16257362443480644,False,0
D1T2,2189.0,2190.0,2199.0,0.0,0.0,0.0,0.0,17.20375,0.11028843729716828,False,0
D1T2,2199.0,2200.0,2209.0,0.0,0.0,0.0,0.0,17.20375,0.0769749951750249,False,0
D1T2,2209.0,2210.0,2219.0,0.0,0.0,0.0,10.065000000000001,17.20375,0.08027319979526343,False,0
D1T2,2219.0,2220.0,2229.0,0.0,0.0,0.0,0.0,17.20375,0.09312605533753116,False,0
D1T2,2229.0,2230.0,2239.0,0.0,0.0,0.0,0.0,17.20375,0.06159441614354236,False,0
D1T2,2239.0,2240.0,2249.0,0.0,0.0,0.0,0.175,17.20375,0.13172675884142232,False,0
D1T2,2249.0,2250.0,2259.0,0.0,160.0,1.75,2.3800000000000003,17.20375,0.26429542256156263,False,0
D1T2,2259.0,2260.0,2269.0,0.0,160.0,2.35,2.3150000000000004,17.20375,0.153928167222716,False,0
D1T2,2269.0,2270.0,2279.0,0.0,160.0,2.35,3.78,17.20375,0.05660135328613751,False,0
D1T2,2279.0,2280.0,2289.0,0.0,208.0,3.1,4.844999999999999,17.20375,0.15210312455215072,False,0
D1T2,2289.0,2290.0,2299.0,50.0,384.0,10.55,7.919999999999999,17.20375,0.47542531165117263,False,0
D1T2,2299.0,2300.0,2309.0,0.0,0.0,0.0,0.0,17.20375,0.1268691204813925,False,0
D1T2,2309.0,2310.0,2319.0,0.0,0.0,0.0,5.61,17.20375,0.057396625077851524,False,0
D1T2,2319.0,2320.0,2329.0,0.0,0.0,0.0,5.325,17.20375,0.2368218444900579,False,0
D1T2,2329.0,2330.0,2339.0,0.0,0.0,0.0,2.3049999999999997,17.20375,0.239459149411682,False,0
D1T2,2339.0,2340.0,2349.0,58.0,480.0,15.95,0.5700000000000001,17.20375,0.6903813114048001,True,0
D1T2,2349.0,2350.0,2359.0,0.0,0.0,0.0,0.0,17.20375,0.14006940666170142,False,0
D1T2,2359.0,2360.0,2369.0,0.0,0.0,0.0,0.0,17.20375,0.03327938203326598,False,0
D1T2,2369.0,2370.0,2379.0,0.0,0.0,0.0,0.0,17.20375,0.09061022961896298,False,0
D1T2,2379.0,2380.0,2389.0,0.0,0.0,0.0,1.3599999999999999,17.20375,0.1312471275952443,False,0
D1T2,2389.0,2390.0,2399.0,0.0,160.0,2.25,2.295,17.20375,0.3019164861057613,False,0
D1T2,2399.0,2400.0,2409.0,0.0,160.0,2.25,3.465,17.20375,0.05164114323986183,False,0
D1T2,2409.0,2410.0,2419.0,0.0,304.0,4.55,3.7449999999999997,17.20375,0.18662021144501775,False,0
D1T2,2419.0,2420.0,2429.0,0.0,240.0,3.4,11.780000000000001,17.20375,0.11353022925941911,False,0
D1T2,2429.0,2430.0,2439.0,62.8,544.0,18.5,6.9399999999999995,17.20375,0.761070826619289,True,0
D1T2,2439.0,2440.0,2449.0,34.8,144.0,3.6,2.78,17.20375,0.23706028259753192,False,0
D1T2,2449.0,2450.0,2459.0,0.0,0.0,0.0,22.46,17.20375,0.14424511953083602,False,1
D1T2,2459.0,2460.0,2469.0,78.4,1216.0,39.1,5.7,17.20375,0.8784710816441479,True,0
D1T2,2469.0,2470.0,2479.0,0.0,0.0,0.0,0.0,17.20375,0.14120311471827032,False,0
D1T2,2479.0,2480.0,2489.0,0.0,0.0,0.0,0.045,17.20375,0.14484559489090854,False,0
D1T2,2489.0,2490.0,2499.0,0.0,48.0,0.45,2.25,17.20375,0.1334730456395713,False,0
D1T2,2499.0,2500.0,2509.0,0.0,192.0,2.85,2.62,17.20375,0.19010430315880267,False,0
D1T2,2509.0,2510.0,2519.0,0.0,160.0,2.3,2.3150000000000004,17.20375,0.09677040994346141,False,0
D1T2,2519.0,2520.0,2529.0,0.0,160.0,2.3,2.465,17.20375,0.08320118423401845,False,0
D1T2,2529.0,2530.0,2539.0,0.0,176.0,2.55,2.6,17.20375,0.05134705566440601,False,0
D1T2,2539.0,2540.0,2549.0,0.0,176.0,2.65,7.1850000000000005,17.20375,0.0536269744322364,False,0
D1T2,2549.0,2550.0,2559.0,47.2,448.0,10.7,9.955,17.20375,0.4586299961627948,False,0
D1T2,2559.0,2560.0,2569.0,44.0,336.0,8.55,4.565,17.20375,0.18231992076936693,False,0
D1T2,2569.0,2570.0,2579.0,0.0,128.0,1.95,4.279999999999999,17.20375,0.1819857536238802,False,0
D1T2,2579.0,2580.0,2589.0,41.6,368.0,8.65,7.815,17.20375,0.4871153102885759,False,0
D1T2,2589.0,2590.0,2599.0,36.8,304.0,6.65,16.220000000000002,17.20375,0.2569406612109874,False,0
D1T2,2599.0,2600.0,2609.0,58.4,464.0,15.45,12.16,17.20375,0.6362598859112925,True,0
D1T2,2609.0,2610.0,2619.0,49.2,464.0,12.85,23.265,17.20375,0.5369746524199037,True,1
D1T2,2619.0,2620.0,2629.0,84.4,1376.0,38.15,32.585,17.20375,0.9228220496300825,True,1
D1T2,2629.0,2630.0,2639.0,0.0,0.0,0.0,0.0,17.20375,0.15080621031998714,False,0
D1T2,2639.0,2640.0,2649.0,0.0,0.0,0.0,1.35,17.20375,0.12055423681493008,False,0
D1T2,2649.0,2650.0,2659.0,0.0,160.0,2.25,2.3,17.20375,0.2550012420687833,False,0
D1T2,2659.0,2660.0,2669.0,0.0,160.0,2.3,2.2699999999999996,17.20375,0.04478610800713266,False,0
D1T2,2669.0,2670.0,2679.0,0.0,144.0,2.15,2.25,17.20375,0.05245140774141269,False,0
D1T2,2679.0,2680.0,2689.0,0.0,144.0,2.25,2.255,17.20375,0.05014696408269806,False,0
D1T2,2689.0,2690.0,2699.0,0.0,160.0,2.25,2.2199999999999998,17.20375,0.058103142914274555,False,0
D1T2,2699.0,2700.0,2709.0,0.0,144.0,2.15,2.2649999999999997,17.20375,0.050102448213781396,False,0
D1T2,2709.0,2710.0,2719.0,0.0,160.0,2.25,2.2449999999999997,17.20375,0.057111180018470126,False,0
D1T2,2719.0,2720.0,2729.0,0.0,144.0,2.15,4.425,17.20375,0.05464198452814793,False,0
D1T2,2729.0,2730.0,2739.0,45.6,560.0,8.95,9.530000000000001,17.20375,0.6566247176813618,True,0
D1T2,2739.0,2740.0,2749.0,12.4,0.0,0.65,2.41,17.20375,0.1459602701008989,False,0
D1T2,2749.0,2750.0,2759.0,0.0,224.0,3.05,3.465,17.20375,0.16064800337933374,False,0
D1T2,2759.0,2760.0,2769.0,0.0,256.0,3.65,3.725,17.20375,0.08205630236260728,False,0
D1T2,2769.0,2770.0,2779.0,0.0,256.0,3.8,15.720000000000002,17.20375,0.0772565654921462,False,0
D1T2,2779.0,2780.0,2789.0,62.0,720.0,18.9,21.990000000000002,17.20375,0.8090887614805712,True,1
D1T2,2789.0,2790.0,2799.0,69.2,896.0,28.05,10.504999999999999,17.20375,0.8331190525581798,True,0
D1T2,2799.0,2800.0,2809.0,0.0,0.0,0.0,0.0,17.20375,0.1128184935078693,False,0
D1T2,2809.0,2810.0,2819.0,0.0,0.0,0.0,0.0,17.20375,0.06584401746850072,False,0
D1T2,2819.0,2820.0,2829.0,0.0,0.0,0.0,3.38,17.20375,0.0699476379182876,False,0
D1T2,2829.0,2830.0,2839.0,60.0,560.0,16.55,8.66,17.20375,0.7465862457362457,True,0
D1T2,2839.0,2840.0,2849.0,0.0,0.0,0.0,0.025,17.20375,0.13500562386387718,False,0
D1T2,2849.0,2850.0,2859.0,0.0,0.0,0.0,2.2399999999999998,17.20375,0.09061652583948915,False,0
D1T2,2859.0,2860.0,2869.0,0.0,160.0,2.25,2.2600000000000002,17.20375,0.08915177299131831,False,0
D1T2,2869.0,2870.0,2879.0,0.0,160.0,2.3,11.64,17.20375,0.05564305405840868,False,0
D1T2,2879.0,2880.0,2889.0,74.0,896.0,30.6,32.07,17.20375,0.8561476390497905,True,1
D1T2,2889.0,2890.0,2899.0,76.0,1168.0,37.2,30.189999999999998,17.20375,0.7453549557648678,True,1
D1T2,2899.0,2900.0,2909.0,79.6,720.0,20.65,38.80499999999999,17.20375,0.8056316779861211,True,1
D1T2,2909.0,2910.0,2919.0,87.2,1456.0,49.95,46.275000000000006,17.20375,0.9400248629983757,True,1
D1T2,2919.0,2920.0,2929.0,76.8,1056.0,36.85,35.615,17.20375,0.8913363460814501,True,1
D1T2,2929.0,2930.0,2939.0,74.4,1168.0,32.55,17.935000000000002,17.20375,0.8377567380726841,True,1
D1T2,2939.0,2940.0,2949.0,42.8,208.0,7.0,12.294999999999998,17.20375,0.2681184491329561,False,0
D1T2,2949.0,2950.0,2959.0,70.0,816.0,33.65,31.229999999999997,17.20375,0.8599585034596842,True,1
D1T2,2959.0,2960.0,2969.0,70.0,592.0,20.95,10.7,17.20375,0.8442522867662088,True,0
D1T2,2969.0,2970.0,2979.0,0.0,0.0,0.0,0.0,17.20375,0.18038440038876657,False,0
D1T2,2979.0,2980.0,2989.0,0.0,0.0,0.0,0.0,17.20375,0.10002128477613531,False,0
D1T2,2989.0,2990.0,2999.0,0.0,0.0,0.0,0.0,17.20375,0.12235565097151234,False,0
D1T2,2999.0,3000.0,3009.0,0.0,0.0,0.0,0.26,17.20375,0.1546220928618311,False,0
D1T2,3009.0,3010.0,3019.0,0.0,192.0,2.45,2.95,17.20375,0.18138797674025653,False,0
D1T2,3019.0,3020.0,3029.0,0.0,192.0,3.2,2.77,17.20375,0.08641478066342977,False,0
D1T2,3029.0,3030.0,3039.0,0.0,192.0,2.7,9.415000000000001,17.20375,0.047856216138126344,False,0
D1T2,3039.0,3040.0,3049.0,64.0,640.0,21.85,19.240000000000002,17.20375,0.828612721274939,True,1
D1T2,3049.0,3050.0,3059.0,63.2,720.0,20.05,7.734999999999999,17.20375,0.6335659787286768,True,0
D1T2,3059.0,3060.0,3069.0,51.6,432.0,10.6,9.87,17.20375,0.34657152403710256,False,0
D1T2,3069.0,3070.0,3079.0,52.4,512.0,11.6,26.125,17.20375,0.5801076337771233,True,1
D1T2,3079.0,3080.0,3089.0,86.0,1392.0,47.3,46.025000000000006,17.20375,0.9402537013376688,True,1
D1T2,3089.0,3090.0,3099.0,92.8,1536.0,47.85,45.82,17.20375,0.8993313967224623,True,1
D1T2,3099.0,3100.0,3109.0,84.4,1264.0,46.45,22.714999999999996,17.20375,0.8848714303081845,True,1
D1T2,3109.0,3110.0,3119.0,0.0,0.0,0.0,0.0,17.20375,0.15957368626388635,False,0
D1T2,3119.0,3120.0,3129.0,0.4,0.0,0.0,8.650000000000002,17.20375,0.13804854761732513,False,0
D1T2,3129.0,3130.0,3139.0,0.0,0.0,0.0,0.0,17.20375,0.2280862572730841,False,0
D1T2,3139.0,3140.0,3149.0,0.0,0.0,0.0,0.0,17.20375,0.09353019418059372,False,0
D1T2,3149.0,3150.0,3159.0,0.0,0.0,0.0,0.0,17.20375,0.23182729944303732,False,0
D1T2,3159.0,3160.0,3169.0,0.0,0.0,0.0,0.905,17.20375,0.10206733607120654,False,0
D1T2,3169.0,3170.0,3179.0,0.0,144.0,2.15,2.3550000000000004,17.20375,0.207403025323758,False,0
D1T2,3179.0,3180.0,3189.0,0.0,160.0,2.35,2.3400000000000007,17.20375,0.07338761157044758,False,0
D1T2,3189.0,3190.0,3199.0,0.0,160.0,2.35,5.055,17.20375,0.049081157581349004,False,0
D1T2,3199.0,3200.0,3209.0,48.8,512.0,11.65,4.985,17.20375,0.7713960111253167,True,0
D1T2,3209.0,3210.0,3219.0,24.8,192.0,2.4,11.929999999999998,17.20375,0.2664558672990586,False,0
D1T2,3219.0,3220.0,3229.0,50.4,432.0,10.25,23.155,17.20375,0.2706236001975485,False,1
D1T2,3229.0,3230.0,3239.0,75.2,1136.0,33.05,35.85,17.20375,0.8460571645007063,True,1
D1T2,3239.0,3240.0,3249.0,83.6,1440.0,41.7,31.015000000000004,17.20375,0.8673540274984639,True,1
D1T2,3249.0,3250.0,3259.0,74.8,1008.0,32.55,36.325,17.20375,0.8589602295303258,True,1
D1T2,3259.0,3260.0,3269.0,87.6,1232.0,43.15,41.47,17.20375,0.9219703570756529,True,1
D1T2,3269.0,3270.0,3279.0,0.0,0.0,0.0,0.0,17.20375,0.18175035865213846,False,0
D1T2,3279.0,3280.0,3289.0,0.0,0.0,0.0,16.355,17.20375,0.2214862021587984,False,0
D1T2,3289.0,3290.0,3299.0,64.4,704.0,21.45,26.825,17.20375,0.8598393822658005,True,1
D1T2,3299.0,3300.0,3309.0,69.6,688.0,25.85,9.145,17.20375,0.9025492914109968,True,0
D1T2,3309.0,3310.0,3319.0,0.0,176.0,2.65,2.8449999999999998,17.20375,0.19797887025210603,False,0
D1T2,3319.0,3320.0,3329.0,0.0,208.0,2.95,2.9349999999999996,17.20375,0.08445479981494623,False,0
D1T2,3329.0,3330.0,3339.0,0.0,208.0,2.9,2.7150000000000003,17.20375,0.0755390486985224,False,0
D1T2,3339.0,3340.0,3349.0,0.0,176.0,2.55,2.45,17.20375,0.10141695920384301,False,0
D1T2,3349.0,3350.0,3359.0,0.0,160.0,2.35,16.475,17.20375,0.0708151221404786,False,0
D1T2,3359.0,3360.0,3369.0,80.0,1040.0,38.2,43.41,17.20375,0.9288019645129044,True,1
D1T2,3369.0,3370.0,3379.0,96.8,1376.0,44.45,46.769999999999996,17.20375,0.9039128937422026,True,1
D1T2,3379.0,3380.0,3389.0,94.4,1536.0,49.65,16.48,17.20375,0.8994064144629054,True,0
D1T2,3389.0,3390.0,3399.0,45.2,368.0,12.85,6.93,17.20375,0.2760184760776574,False,0
D1T2,3399.0,3400.0,3409.0,0.0,0.0,0.0,0.0,17.20375,0.13536000107310403,False,0
D1T2,3409.0,3410.0,3419.0,0.0,0.0,0.0,0.0,17.20375,0.08648895715793457,False,0
D1T2,3419.0,3420.0,3429.0,0.0,0.0,0.0,0.0,17.20375,0.11245598119323741,False,0
D1T2,3429.0,3430.0,3439.0,0.0,0.0,0.0,0.0,17.20375,0.16647436545416167,False,0
D1T2,3439.0,3440.0,3449.0,0.0,0.0,0.0,0.18,17.20375,0.11451831281855368,False,0
D1T2,3449.0,3450.0,3459.0,0.0,128.0,1.8,2.545,17.20375,0.16575132695526854,False,0
D1T2,3459.0,3460.0,3469.0,0.0,208.0,2.95,3.0,17.20375,0.08371145894986039,False,0
D1T2,3469.0,3470.0,3479.0,0.0,208.0,3.0,2.91,17.20375,0.10923290847760624,False,0
D1T2,3479.0,3480.0,3489.0,0.0,176.0,2.6,2.38,17.20375,0.06297007003183352,False,0
D1T2,3489.0,3490.0,3499.0,0.0,144.0,2.25,2.325,17.20375,0.08489682700882309,False,0
D1T2,3499.0,3500.0,3509.0,0.0,160.0,2.3,3.19,17.20375,0.07136484516011321,False,0
D1T2,3509.0,3510.0,3519.0,12.0,304.0,4.45,3.525,17.20375,0.2769350004134642,False,0
D1T2,3519.0,3520.0,3529.0,0.0,0.0,0.0,0.42000000000000004,17.20375,0.19042941300865404,False,0
D1T2,3529.0,3530.0,3539.0,0.0,192.0,3.0,2.2900000000000005,17.20375,0.22609230979196518,False,0
D1T2,3539.0,3540.0,3549.0,0.0,160.0,2.35,3.525,17.20375,0.08961206703284647,False,0
D1T2,3549.0,3550.0,3559.0,34.8,336.0,5.0,1.8450000000000002,17.20375,0.4616748085047416,False,0
D1T2,3559.0,3560.0,3569.0,0.0,0.0,0.0,0.0,17.20375,0.19864686385959193,False,0
D1T2,3569.0,3570.0,3579.0,0.0,0.0,0.0,0.0,17.20375,0.05516987618472366,False,0
D1T2,3579.0,3580.0,3589.0,0.0,0.0,0.0,0.0,17.20375,0.05069454028185937,False,0
D1T2,3589.0,3590.0,3599.0,0.0,0.0,0.0,0.0,17.20375,0.04855168313900224,False,0
D1T2,3599.0,3600.0,3609.0,0.0,0.0,0.0,0.0,17.20375,0.06912064185370476,False,0
D1T2,3609.0,3610.0,3619.0,0.0,0.0,0.0,0.0,17.20375,0.08920446911673631,False,0
D1T2,3619.0,3620.0,3629.0,0.0,0.0,0.0,1.7,17.20375,0.06341482576119085,False,0
D1T2,3629.0,3630.0,3639.0,0.0,160.0,2.35,2.3449999999999998,17.20375,0.21038422910975899,False,0
D1T2,3639.0,3640.0,3649.0,0.0,160.0,2.4,2.66,17.20375,0.10642731464750695,False,0
D1T2,3649.0,3650.0,3659.0,44.4,480.0,5.8,20.450000000000003,17.20375,0.6067985077823316,True,1
D1T2,3659.0,3660.0,3669.0,55.2,544.0,12.25,15.495000000000001,17.20375,0.5550879830005992,True,0
D1T2,3669.0,3670.0,3679.0,42.8,320.0,6.1,16.54,17.20375,0.24484246996662506,False,0
D1T2,3679.0,3680.0,3689.0,69.2,912.0,29.25,35.074999999999996,17.20375,0.8313086128414787,True,1
D1T2,3689.0,3690.0,3699.0,86.8,1392.0,47.9,48.095000000000006,17.20375,0.9281973280444155,True,1
D1T2,3699.0,3700.0,3709.0,89.2,1520.0,49.95,44.13,17.20375,0.9265335839226112,True,1
D1T2,3709.0,3710.0,3719.0,85.2,736.0,27.3,40.065,17.20375,0.8285384113058797,True,1
D1T2,3719.0,3720.0,3729.0,80.0,1216.0,39.0,5.984999999999999,17.20375,0.8508047511412714,True,0
D1T2,3729.0,3730.0,3739.0,0.0,0.0,0.0,0.0,17.20375,0.1368744795894626,False,0
D1T2,3739.0,3740.0,3749.0,0.0,0.0,0.0,0.0,17.20375,0.14977210230739296,False,0
D1T2,3749.0,3750.0,3759.0,0.0,0.0,0.0,0.0,17.20375,0.08522373441240816,False,0
D1T2,3759.0,3760.0,3769.0,0.0,0.0,0.0,0.0,17.20375,0.09754513802085672,False,0
D1T2,3769.0,3770.0,3779.0,0.0,0.0,0.0,0.0,17.20375,0.1453309312687945,False,0
D1T2,3779.0,3780.0,3789.0,0.0,0.0,0.0,0.2,17.20375,0.1384609656270462,False,0
D1T2,3789.0,3790.0,3799.0,0.0,144.0,2.0,25.24,17.20375,0.2608323714706794,False,1
D1T2,3799.0,3800.0,3809.0,84.0,1376.0,41.6,31.45,17.20375,0.9483405438084189,True,1
D1T2,3809.0,3810.0,3819.0,72.8,896.0,30.4,28.589999999999996,17.20375,0.8125385509395961,True,1
D1T2,3819.0,3820.0,3829.0,68.0,912.0,25.65,20.995,17.20375,0.7990036294192943,True,1
D1T2,3829.0,3830.0,3839.0,63.6,752.0,21.55,19.105,17.20375,0.7716783473474922,True,1
D1T2,3839.0,3840.0,3849.0,58.4,688.0,17.25,5.77,17.20375,0.7482426794404915,True,0
D1T2,3849.0,3850.0,3859.0,23.2,160.0,3.05,23.05,17.20375,0.44381317837080947,False,1
D1T2,3859.0,3860.0,3869.0,70.0,720.0,25.1,16.635,17.20375,0.912863836502437,True,0
D2T1,10.0,11.0,20.0,49.2,448.0,11.3,5.195,16.167500000000004,0.49952944880317035,False,0
D2T1,20.0,21.0,30.0,0.0,208.0,3.05,2.585,16.167500000000004,0.17003077325513705,False,0
D2T1,30.0,31.0,40.0,0.0,176.0,2.6,8.495000000000001,16.167500000000004,0.04701369260123979,False,0
D2T1,40.0,41.0,50.0,55.6,528.0,15.75,14.575,16.167500000000004,0.7436808094171928,True,0
D2T1,50.0,51.0,60.0,66.4,976.0,30.25,24.79,16.167500000000004,0.8311828255758233,True,1
D2T1,60.0,61.0,70.0,68.0,992.0,25.75,5.895,16.167500000000004,0.8344525919414975,True,0
D2T1,70.0,71.0,80.0,0.0,0.0,0.0,0.30999999999999994,16.167500000000004,0.12122519551793606,False,0
D2T1,80.0,81.0,90.0,0.0,0.0,0.0,25.735000000000003,16.167500000000004,0.19634509236128764,False,1
D2T1,90.0,91.0,100.0,74.8,1152.0,28.5,17.46,16.167500000000004,0.8922727225214736,True,1
D2T1,100.0,101.0,110.0,0.0,0.0,0.0,5.7299999999999995,16.167500000000004,0.20927230251001244,False,0
D2T1,110.0,111.0,120.0,73.2,1120.0,23.25,32.835,16.167500000000004,0.8137905428612922,True,1
D2T1,120.0,121.0,130.0,72.4,992.0,29.85,2.6,16.167500000000004,0.866345964379087,True,0
D2T1,130.0,131.0,140.0,0.0,0.0,0.0,0.0,16.167500000000004,0.1719034632860971,False,0
D2T1,140.0,141.0,150.0,0.0,0.0,0.0,0.0,16.167500000000004,0.10179671941360217,False,0
D2T1,150.0,151.0,160.0,0.0,0.0,0.0,0.0,16.167500000000004,0.07649300388431067,False,0
D2T1,160.0,161.0,170.0,0.0,0.0,0.0,0.0,16.167500000000004,0.08941302631567803,False,0
D2T1,170.0,171.0,180.0,0.0,0.0,0.0,0.0,16.167500000000004,0.08738479199116872,False,0
D2T1,180.0,181.0,190.0,0.0,0.0,0.0,0.16999999999999998,16.167500000000004,0.07717075292333658,False,0
D2T1,190.0,191.0,200.0,0.0,112.0,1.45,2.8599999999999994,16.167500000000004,0.09346589111406906,False,0
D2T1,200.0,201.0,210.0,46.0,448.0,7.15,9.389999999999999,16.167500000000004,0.5426254148387425,True,0
D2T1,210.0,211.0,220.0,0.0,0.0,0.0,0.575,16.167500000000004,0.13483773041725203,False,0
D2T1,220.0,221.0,230.0,0.0,224.0,3.3,10.17,16.167500000000004,0.24819070485464326,False,0
D2T1,230.0,231.0,240.0,73.2,864.0,29.25,28.875,16.167500000000004,0.9160245107454072,True,1
D2T1,240.0,241.0,250.0,80.8,1216.0,22.3,4.325,16.167500000000004,0.8038440451409515,True,0
D2T1,250.0,251.0,260.0,0.0,0.0,0.0,0.0,16.167500000000004,0.15827224909102625,False,0
D2T1,260.0,261.0,270.0,0.0,0.0,0.0,0.0,16.167500000000004,0.07674886819814353,False,0
D2T1,270.0,271.0,280.0,0.0,0.0,0.0,9.535,16.167500000000004,0.10065857226534641,False,0
D2T1,280.0,281.0,290.0,49.2,464.0,10.9,17.335,16.167500000000004,0.5599716989872041,True,1
D2T1,290.0,291.0,300.0,58.0,656.0,16.85,17.455,16.167500000000004,0.6651266444356553,True,1
D2T1,300.0,301.0,310.0,56.0,608.0,15.55,24.825000000000003,16.167500000000004,0.56869953209374,True,1
D2T1,310.0,311.0,320.0,64.8,832.0,22.55,26.330000000000002,16.167500000000004,0.7964884030391332,True,1
D2T1,320.0,321.0,330.0,69.2,1024.0,27.6,25.96,16.167500000000004,0.8276465440788461,True,1
D2T1,330.0,331.0,340.0,66.4,816.0,22.7,25.044999999999998,16.167500000000004,0.7907959680249762,True,1
D2T1,340.0,341.0,350.0,62.4,720.0,19.1,17.17,16.167500000000004,0.693555189741831,True,1
D2T1,350.0,351.0,360.0,0.0,0.0,0.0,0.0,16.167500000000004,0.21607554792578615,False,0
D2T1,360.0,361.0,370.0,0.0,0.0,0.0,1.825,16.167500000000004,0.09430814559622201,False,0
D2T1,370.0,371.0,380.0,0.0,160.0,2.3,19.949999999999996,16.167500000000004,0.10652109635136632,False,1
D2T1,380.0,381.0,390.0,78.0,800.0,24.6,32.255,16.167500000000004,0.8556025939138504,True,1
D2T1,390.0,391.0,400.0,72.4,960.0,27.55,24.43,16.167500000000004,0.8658407471031598,True,1
D2T1,400.0,401.0,410.0,61.6,688.0,19.7,16.41,16.167500000000004,0.6906401987907864,True,1
D2T1,410.0,411.0,420.0,50.4,400.0,11.55,9.35,16.167500000000004,0.4839851784019104,False,0
D2T1,420.0,421.0,430.0,44.4,272.0,8.05,15.0,16.167500000000004,0.37619820147081806,False,0
D2T1,430.0,431.0,440.0,60.8,608.0,20.0,20.535000000000004,16.167500000000004,0.6560199246473889,True,1
D2T1,440.0,441.0,450.0,59.6,560.0,22.3,18.229999999999997,16.167500000000004,0.6264682869263314,True,1
D2T1,450.0,451.0,460.0,60.8,624.0,19.1,18.615000000000002,16.167500000000004,0.6459630959146869,True,1
D2T1,460.0,461.0,470.0,59.6,624.0,18.15,16.955000000000002,16.167500000000004,0.6258861261840112,True,1
D2T1,470.0,471.0,480.0,62.0,576.0,16.6,14.529999999999998,16.167500000000004,0.5809057934171213,True,0
D2T1,480.0,481.0,490.0,57.6,480.0,15.75,7.55,16.167500000000004,0.5622414468592535,True,0
D2T1,490.0,491.0,500.0,0.0,0.0,0.0,0.0,16.167500000000004,0.15775931886086134,False,0
D2T1,500.0,501.0,510.0,0.0,0.0,0.0,0.0,16.167500000000004,0.13233412609358014,False,0
D2T1,510.0,511.0,520.0,0.0,0.0,0.0,0.0,16.167500000000004,0.22332623226678516,False,0
D2T1,520.0,521.0,530.0,0.0,0.0,0.0,2.275,16.167500000000004,0.29251727057143806,False,0
D2T1,530.0,531.0,540.0,0.0,160.0,2.35,2.3550000000000004,16.167500000000004,0.11296891299928616,False,0
D2T1,540.0,541.0,550.0,0.0,160.0,2.35,2.345,16.167500000000004,0.1052475065870053,False,0
D2T1,550.0,551.0,560.0,0.0,176.0,2.4,6.16,16.167500000000004,0.1932377714751564,False,0
D2T1,560.0,561.0,570.0,52.0,464.0,13.0,20.975,16.167500000000004,0.5811514700171369,True,1
D2T1,570.0,571.0,580.0,72.8,992.0,26.5,10.875,16.167500000000004,0.8226652168213995,True,0
D2T1,580.0,581.0,590.0,0.0,0.0,0.0,0.0,16.167500000000004,0.14841613911063636,False,0
D2T1,590.0,591.0,600.0,0.0,0.0,0.0,0.0,16.167500000000004,0.08668360906898931,False,0
D2T1,600.0,601.0,610.0,0.0,0.0,0.0,0.0,16.167500000000004,0.07840100873550078,False,0
D2T1,610.0,611.0,620.0,0.0,0.0,0.0,0.0,16.167500000000004,0.07645100873550077,False,0
D2T1,620.0,621.0,630.0,0.0,0.0,0.0,0.0,16.167500000000004,0.08517319240232263,False,0
D2T1,630.0,631.0,640.0,0.0,0.0,0.0,0.0,16.167500000000004,0.07486543417627656,False,0
D2T1,640.0,641.0,650.0,0.0,0.0,0.0,0.0,16.167500000000004,0.07839203581001525,False,0
D2T1,650.0,651.0,660.0,0.0,0.0,0.0,0.0,16.167500000000004,0.07551175816925117,False,0
D2T1,660.0,661.0,670.0,0.0,0.0,0.0,0.0,16.167500000000004,0.1132335680793487,False,0
D2T1,670.0,671.0,680.0,0.0,0.0,0.0,0.0,16.167500000000004,0.08874199942763455,False,0
D2T1,680.0,681.0,690.0,0.0,0.0,0.0,9.469999999999999,16.167500000000004,0.0769649954813343,False,0
D2T1,690.0,691.0,700.0,58.4,432.0,13.8,8.175,16.167500000000004,0.5111515254304004,True,0
D2T1,700.0,701.0,710.0,0.0,0.0,0.0,0.0,16.167500000000004,0.11573087922319913,False,0
D2T1,710.0,711.0,720.0,0.0,0.0,0.0,1.5950000000000002,16.167500000000004,0.1251568857950766,False,0
D2T1,720.0,721.0,730.0,0.0,144.0,2.15,17.215,16.167500000000004,0.12035231071131143,False,1
D2T1,730.0,731.0,740.0,72.4,736.0,17.85,30.4,16.167500000000004,0.8126698271008889,True,1
D2T1,740.0,741.0,750.0,74.8,928.0,30.9,6.659999999999999,16.167500000000004,0.8895059584728446,True,0
D2T1,750.0,751.0,760.0,0.0,0.0,0.0,1.6149999999999998,16.167500000000004,0.13909116953509273,False,0
D2T1,760.0,761.0,770.0,40.4,304.0,6.8,3.6349999999999993,16.167500000000004,0.45924698652807855,False,0
D2T1,770.0,771.0,780.0,0.0,0.0,0.0,0.11499999999999999,16.167500000000004,0.1316448903231285,False,0
D2T1,780.0,781.0,790.0,0.0,80.0,1.15,2.435,16.167500000000004,0.06679871976999671,False,0
D2T1,790.0,791.0,800.0,0.0,192.0,2.85,2.82,16.167500000000004,0.08543998339489053,False,0
D2T1,800.0,801.0,810.0,0.0,176.0,2.65,4.034999999999999,16.167500000000004,0.050332475981611155,False,0
D2T1,810.0,811.0,820.0,54.8,560.0,14.95,20.624999999999996,16.167500000000004,0.674635369853637,True,1
D2T1,820.0,821.0,830.0,62.4,736.0,21.45,7.875,16.167500000000004,0.6926284518623876,True,0
D2T1,830.0,831.0,840.0,0.0,0.0,0.0,0.0,16.167500000000004,0.11171228366165456,False,0
D2T1,840.0,841.0,850.0,0.0,0.0,0.0,0.0,16.167500000000004,0.09277458553214499,False,0
D2T1,850.0,851.0,860.0,0.0,0.0,0.0,1.78,16.167500000000004,0.08051638038786307,False,0
D2T1,860.0,861.0,870.0,0.0,160.0,2.35,2.255,16.167500000000004,0.11376439054719338,False,0
D2T1,870.0,871.0,880.0,0.0,160.0,2.25,2.21,16.167500000000004,0.0716003363017647,False,0
D2T1,880.0,881.0,890.0,0.0,144.0,2.15,4.029999999999999,16.167500000000004,0.05449174557326323,False,0
D2T1,890.0,891.0,900.0,0.0,144.0,2.25,2.1550000000000002,16.167500000000004,0.23716598285966467,False,0
D2T1,900.0,901.0,910.0,0.0,144.0,2.15,2.1599999999999997,16.167500000000004,0.04135670579905613,False,0
D2T1,910.0,911.0,920.0,0.0,144.0,2.15,8.684999999999999,16.167500000000004,0.04096240332590395,False,0
D2T1,920.0,921.0,930.0,62.4,640.0,19.4,22.55,16.167500000000004,0.8244067836897926,True,1
D2T1,930.0,931.0,940.0,70.4,1088.0,27.1,11.690000000000001,16.167500000000004,0.8442989053381557,True,0
D2T1,940.0,941.0,950.0,0.0,0.0,0.0,15.309999999999999,16.167500000000004,0.11474742497744847,False,0
D2T1,950.0,951.0,960.0,72.0,944.0,27.05,29.565000000000005,16.167500000000004,0.8793961818578402,True,1
D2T1,960.0,961.0,970.0,75.2,1152.0,36.85,12.375,16.167500000000004,0.8970553288168478,True,0
D2T1,970.0,971.0,980.0,0.0,0.0,0.0,0.0,16.167500000000004,0.1898934055265891,False,0
D2T1,980.0,981.0,990.0,0.0,0.0,0.0,0.0,16.167500000000004,0.10464208166961893,False,0
D2T1,990.0,991.0,1000.0,0.0,0.0,0.0,0.525,16.167500000000004,0.06686709960237104,False,0
D2T1,1000.0,1001.0,1010.0,38.8,208.0,5.25,8.265,16.167500000000004,0.5124618963424975,True,0
D2T1,1010.0,1011.0,1020.0,46.8,336.0,10.0,12.19,16.167500000000004,0.3316349842517166,False,0
D2T1,1020.0,1021.0,1030.0,55.6,432.0,15.85,16.395,16.167500000000004,0.5740629183488035,True,1
D2T1,1030.0,1031.0,1040.0,60.0,592.0,16.2,15.38,16.167500000000004,0.6418705210807609,True,0
D2T1,1040.0,1041.0,1050.0,72.0,928.0,28.55,14.375,16.167500000000004,0.8777610722740864,True,0
D2T1,1050.0,1051.0,1060.0,0.0,0.0,0.0,0.0,16.167500000000004,0.1332488477649143,False,0
D2T1,1060.0,1061.0,1070.0,0.0,0.0,0.0,1.5400000000000003,16.167500000000004,0.0941192617665048,False,0
D2T1,1070.0,1071.0,1080.0,0.0,160.0,2.3,17.060000000000002,16.167500000000004,0.15661999334802046,False,1
D2T1,1080.0,1081.0,1090.0,72.4,736.0,27.8,32.775,16.167500000000004,0.8661074942101125,True,1
D2T1,1090.0,1091.0,1100.0,78.4,1120.0,35.6,31.370000000000005,16.167500000000004,0.8864207669413406,True,1
D2T1,1100.0,1101.0,1110.0,72.8,1008.0,27.6,31.105,16.167500000000004,0.8850071351895216,True,1
D2T1,1110.0,1111.0,1120.0,55.2,496.0,31.8,31.275,16.167500000000004,0.6878818737439464,True,1
D2T1,1120.0,1121.0,1130.0,72.0,912.0,37.6,35.47,16.167500000000004,0.8753620303408677,True,1
D2T1,1130.0,1131.0,1140.0,70.4,1040.0,33.5,22.455000000000002,16.167500000000004,0.8757750382877759,True,1
D2T1,1140.0,1141.0,1150.0,59.6,464.0,18.2,11.72,16.167500000000004,0.6106178559710321,True,0
D2T1,1150.0,1151.0,1160.0,43.6,176.0,7.7,4.4799999999999995,16.167500000000004,0.42348855896264204,False,0
D2T1,1160.0,1161.0,1170.0,0.0,0.0,0.0,12.440000000000001,16.167500000000004,0.16372027189811889,False,0
D2T1,1170.0,1171.0,1180.0,61.2,528.0,19.25,16.32,16.167500000000004,0.6572556919666535,True,1
D2T1,1180.0,1181.0,1190.0,56.0,400.0,14.7,11.639999999999997,16.167500000000004,0.5344310235277971,True,0
D2T1,1190.0,1191.0,1200.0,60.8,512.0,15.85,20.580000000000002,16.167500000000004,0.5769856096741738,True,1
D2T1,1200.0,1201.0,1210.0,62.0,608.0,24.9,22.974999999999998,16.167500000000004,0.6522106808485566,True,1
D2T1,1210.0,1211.0,1220.0,68.0,784.0,30.1,22.220000000000002,16.167500000000004,0.7925309381406541,True,1
D2T1,1220.0,1221.0,1230.0,67.6,752.0,24.9,23.15,16.167500000000004,0.7674428380516273,True,1
D2T1,1230.0,1231.0,1240.0,68.4,736.0,17.1,26.72,16.167500000000004,0.8226643516490497,True,1
D2T1,1240.0,1241.0,1250.0,78.4,1168.0,38.15,42.12499999999999,16.167500000000004,0.9146687417410027,True,1
D2T1,1250.0,1251.0,1260.0,88.4,1456.0,47.95,44.715,16.167500000000004,0.913564386325706,True,1
D2T1,1260.0,1261.0,1270.0,85.6,1520.0,44.55,35.34499999999999,16.167500000000004,0.8902894886437192,True,1
D2T1,1270.0,1271.0,1280.0,74.0,1008.0,27.0,32.49,16.167500000000004,0.8833512086275532,True,1
D2T1,1280.0,1281.0,1290.0,66.4,480.0,14.35,25.29,16.167500000000004,0.6542934007642017,True,1
D2T1,1290.0,1291.0,1300.0,76.8,1360.0,42.75,28.609999999999996,16.167500000000004,0.8880615982518146,True,1
D2T1,1300.0,1301.0,1310.0,70.0,960.0,28.9,8.684999999999999,16.167500000000004,0.8340749361715096,True,0
D2T1,1310.0,1311.0,1320.0,0.0,0.0,0.0,0.0,16.167500000000004,0.14986495081712467,False,0
D2T1,1320.0,1321.0,1330.0,0.0,0.0,0.0,0.0,16.167500000000004,0.06676943120125337,False,0
D2T1,1330.0,1331.0,1340.0,0.0,0.0,0.0,2.9899999999999998,16.167500000000004,0.06426232913327229,False,0
D2T1,1340.0,1341.0,1350.0,55.2,432.0,14.1,15.875,16.167500000000004,0.5172105856185015,True,0
D2T1,1350.0,1351.0,1360.0,62.4,448.0,15.45,6.67,16.167500000000004,0.5629136572965494,True,0
D2T1,1360.0,1361.0,1370.0,0.0,0.0,0.0,0.0,16.167500000000004,0.13211692830194705,False,0
D2T1,1370.0,1371.0,1380.0,0.0,0.0,0.0,8.830000000000002,16.167500000000004,0.06503155990250306,False,0
D2T1,1380.0,1381.0,1390.0,76.8,976.0,33.9,34.19499999999999,16.167500000000004,0.8211861512929484,True,1
D2T1,1390.0,1391.0,1400.0,70.0,944.0,37.9,28.759999999999998,16.167500000000004,0.8154973264333891,True,1
D2T1,1400.0,1401.0,1410.0,81.2,1008.0,33.15,9.01,16.167500000000004,0.9073020537489154,True,0
D2T1,1410.0,1411.0,1420.0,0.0,0.0,0.0,0.0,16.167500000000004,0.1333816123797279,False,0
D2T1,1420.0,1421.0,1430.0,0.0,0.0,0.0,0.0,16.167500000000004,0.08622034242919656,False,0
D2T1,1430.0,1431.0,1440.0,0.0,0.0,0.0,0.0,16.167500000000004,0.08673812101687274,False,0
D2T1,1440.0,1441.0,1450.0,0.0,0.0,0.0,0.0,16.167500000000004,0.09686132666979581,False,0
D2T1,1450.0,1451.0,1460.0,0.0,0.0,0.0,0.0,16.167500000000004,0.07567487652310304,False,0
D2T1,1460.0,1461.0,1470.0,0.0,0.0,0.0,0.0,16.167500000000004,0.06730604360914913,False,0
D2T1,1470.0,1471.0,1480.0,0.0,0.0,0.0,0.0,16.167500000000004,0.10610522005316116,False,0
D2T1,1480.0,1481.0,1490.0,0.0,0.0,0.0,0.0,16.167500000000004,0.09101418354200165,False,0
D2T1,1490.0,1491.0,1500.0,0.0,0.0,0.0,0.0,16.167500000000004,0.0884870096289582,False,0
D2T1,1500.0,1501.0,1510.0,0.0,0.0,0.0,0.9950000000000001,16.167500000000004,0.09831412775009817,False,0
D2T1,1510.0,1511.0,1520.0,0.0,176.0,2.65,2.975,16.167500000000004,0.18519971337043611,False,0
D2T1,1520.0,1521.0,1530.0,0.0,400.0,5.75,13.514999999999997,16.167500000000004,0.23277021995189234,False,0
D2T1,1530.0,1531.0,1540.0,60.8,576.0,18.75,25.2,16.167500000000004,0.6806655728718067,True,1
D2T1,1540.0,1541.0,1550.0,70.0,1040.0,26.6,32.235,16.167500000000004,0.8650021161157633,True,1
D2T1,1550.0,1551.0,1560.0,68.8,688.0,24.75,27.24,16.167500000000004,0.834884713609793,True,1
D2T1,1560.0,1561.0,1570.0,53.2,432.0,9.85,3.3349999999999995,16.167500000000004,0.5260038625693291,True,0
D2T1,1570.0,1571.0,1580.0,0.0,0.0,0.0,0.0,16.167500000000004,0.16229370748382352,False,0
D2T1,1580.0,1581.0,1590.0,0.0,0.0,0.0,0.0,16.167500000000004,0.05813567086129295,False,0
D2T1,1590.0,1591.0,1600.0,0.0,0.0,0.0,0.0,16.167500000000004,0.09229239979400751,False,0
D2T1,1600.0,1601.0,1610.0,0.0,0.0,0.0,8.084999999999999,16.167500000000004,0.08918000981685129,False,0
D2T1,1610.0,1611.0,1620.0,46.4,288.0,7.95,6.909999999999999,16.167500000000004,0.3965869130667277,False,0
D2T1,1620.0,1621.0,1630.0,43.6,320.0,8.6,6.445,16.167500000000004,0.30663944227005524,False,0
D2T1,1630.0,1631.0,1640.0,38.0,224.0,7.0,10.67,16.167500000000004,0.34908983760361245,False,0
D2T1,1640.0,1641.0,1650.0,55.6,544.0,14.05,4.035,16.167500000000004,0.5273673191078343,True,0
D2T1,1650.0,1651.0,1660.0,0.0,0.0,0.0,0.0,16.167500000000004,0.13632141795509253,False,0
D2T1,1660.0,1661.0,1670.0,0.0,0.0,0.0,0.0,16.167500000000004,0.067722999034881,False,0
D2T1,1670.0,1671.0,1680.0,0.0,0.0,0.0,0.55,16.167500000000004,0.1254970218494984,False,0
D2T1,1680.0,1681.0,1690.0,0.0,176.0,2.35,2.2600000000000007,16.167500000000004,0.11503623323456656,False,0
D2T1,1690.0,1691.0,1700.0,0.0,160.0,2.3,2.33,16.167500000000004,0.06737307909964137,False,0
