limiar,recall_macro,f1_macro,fp_min,teste_externo
0.3,0.8992108190794048,0.6882851232327726,1.1819425444596443,D1T1A
0.35,0.8921186204978445,0.7101824279489685,1.0341997264021887,D1T1A
0.4,0.8737675566680573,0.7202339119702542,0.9110807113543092,D1T1A
0.45,0.8583420247531636,0.7249952606635072,0.8207934336525308,D1T1A
0.5,0.8583420247531636,0.7333058801997542,0.7797537619699043,D1T1A
0.55,0.84291649283827,0.744919452412924,0.6730506155950753,D1T1A
0.6,0.8126060353219301,0.7497701602311532,0.5745554035567716,D1T1A
0.65,0.7621471283548881,0.7300525561395127,0.5253077975376197,D1T1A
0.7,0.7182085245445696,0.7177956126270733,0.4432284541723666,D1T1A
0.75,0.6600855235711306,0.692347274759943,0.3693570451436389,D1T1A
0.8,0.5935162008065638,0.6567500563443769,0.3119015047879617,D1T1A
0.85,0.46343172020581275,0.5661680092059839,0.24623803009575923,D1T1A
0.3,0.878888101425309,0.6683303126051218,1.148936170212766,D1T1B
0.35,0.8683360894558626,0.6851339157540708,0.9973404255319149,D1T1B
0.4,0.8643200251988344,0.7134756585586525,0.8377659574468086,D1T1B
0.45,0.8457358847153319,0.7234085366149311,0.7340425531914894,D1T1B
0.5,0.8195920938656588,0.7259986556784157,0.6542553191489362,D1T1B
0.55,0.8065201984408222,0.7335151398981186,0.5904255319148937,D1T1B
0.6,0.7658083313646743,0.7247894675503072,0.5265957446808511,D1T1B
0.65,0.7080085046066619,0.7039598997493735,0.4547872340425532,D1T1B
0.7,0.6487124970470115,0.6783458304930697,0.3829787234042553,D1T1B
0.75,0.6195763445940626,0.6738790397557275,0.31117021276595747,D1T1B
0.8,0.5306717064335774,0.6267540617989912,0.21542553191489364,D1T1B
0.85,0.36333569572407276,0.48837239993841236,0.14361702127659576,D1T1B
0.3,0.8654707199245905,0.649524087024087,1.2398523985239853,D1T2
0.35,0.8654707199245905,0.6802216878579355,1.0405904059040592,D1T2
0.4,0.8492105573229645,0.687357096856455,0.952029520295203,D1T2
0.45,0.8419641805113703,0.6975668850668851,0.8745387453874539,D1T2
0.5,0.8347178036997761,0.7007797270955166,0.8302583025830259,D1T2
0.55,0.8274714268881819,0.7064863708781814,0.7749077490774908,D1T2
0.6,0.813582537999293,0.7202009702009701,0.6752767527675277,D1T2
0.65,0.7698244373748085,0.7055428231898819,0.6199261992619927,D1T2
0.7,0.691042182160952,0.6697649182588942,0.5535055350553506,D1T2
0.75,0.5482723577235772,0.6134272948288325,0.32103321033210336,D1T2
0.8,0.382297926240132,0.46052322163433274,0.24354243542435425,D1T2
0.85,0.23387975727583366,0.3075521734117376,0.14391143911439117,D1T2
0.3,0.9130121449265549,0.6628760819632188,1.2727272727272727,D2T1
0.35,0.8830359575596646,0.6776036224312086,1.1067193675889329,D2T1
0.4,0.8545301237063873,0.6804437512730943,1.0197628458498025,D2T1
0.45,0.8277671101910654,0.6951809764309763,0.8695652173913043,D2T1
0.5,0.8071563653248078,0.7058121225054644,0.766798418972332,D2T1
0.55,0.7857427300530907,0.7065429727650226,0.6956521739130435,D2T1
0.6,0.7620558508623011,0.7090325071907785,0.6086956521739131,D2T1
0.65,0.7264578184274634,0.7063811475026428,0.4980237154150198,D2T1
0.7,0.697951984574186,0.7035398008078072,0.43478260869565216,D2T1
0.75,0.6501687198412276,0.6947391302199892,0.3241106719367589,D2T1
0.8,0.5402807536851542,0.6279585095991213,0.25296442687747034,D2T1
0.85,0.4159359235416173,0.5306629870556541,0.18181818181818182,D2T1
