ensaio,metodo,contexto,n,fp,fn,tp
D1T1A,limiar_050,demanda_alta,34,11,0,23
D1T1A,limiar_050,freio_fora_faixa,52,5,2,11
D1T1A,limiar_050,frenagem,35,0,1,0
D1T1A,limiar_050,movimento,50,8,3,6
D1T1A,limiar_050,parado,26,0,3,0
D1T1A,limiar_ajustado,demanda_alta,34,11,0,23
D1T1A,limiar_ajustado,freio_fora_faixa,52,4,4,9
D1T1A,limiar_ajustado,frenagem,35,0,1,0
D1T1A,limiar_ajustado,movimento,50,3,5,4
D1T1A,limiar_ajustado,parado,26,0,3,0
D1T1A,persistencia,demanda_alta,34,11,0,23
D1T1A,persistencia,freio_fora_faixa,52,4,4,9
D1T1A,persistencia,frenagem,35,0,1,0
D1T1A,persistencia,movimento,50,2,5,4
D1T1A,persistencia,parado,26,0,3,0
D1T1B,limiar_050,demanda_alta,31,8,0,23
D1T1B,limiar_050,freio_fora_faixa,26,1,1,7
D1T1B,limiar_050,frenagem,39,0,2,0
D1T1B,limiar_050,movimento,52,4,8,6
D1T1B,limiar_050,parado,28,0,0,0
D1T1B,limiar_ajustado,demanda_alta,31,8,0,23
D1T1B,limiar_ajustado,freio_fora_faixa,26,1,1,7
D1T1B,limiar_ajustado,frenagem,39,0,2,0
D1T1B,limiar_ajustado,movimento,52,4,9,5
D1T1B,limiar_ajustado,parado,28,0,0,0
D1T1B,persistencia,demanda_alta,31,8,1,22
D1T1B,persistencia,freio_fora_faixa,26,1,2,6
D1T1B,persistencia,frenagem,39,0,2,0
D1T1B,persistencia,movimento,52,1,12,2
D1T1B,persistencia,parado,28,0,0,0
D1T2,limiar_050,demanda_alta,64,13,0,51
D1T2,limiar_050,freio_fora_faixa,84,19,4,12
D1T2,limiar_050,frenagem,41,0,2,0
D1T2,limiar_050,movimento,148,20,5,9
D1T2,limiar_050,parado,49,0,0,0
D1T2,limiar_ajustado,demanda_alta,64,12,0,51
D1T2,limiar_ajustado,freio_fora_faixa,84,13,5,11
D1T2,limiar_ajustado,frenagem,41,0,2,0
D1T2,limiar_ajustado,movimento,148,9,9,5
D1T2,limiar_ajustado,parado,49,0,0,0
D1T2,persistencia,demanda_alta,64,13,0,51
D1T2,persistencia,freio_fora_faixa,84,5,6,10
D1T2,persistencia,frenagem,41,0,2,0
D1T2,persistencia,movimento,148,5,13,1
D1T2,persistencia,parado,49,0,0,0
D2T1,limiar_050,demanda_alta,40,9,0,31
D2T1,limiar_050,freio_fora_faixa,30,5,1,5
D2T1,limiar_050,frenagem,19,0,0,0
D2T1,limiar_050,movimento,71,10,1,11
D2T1,limiar_050,parado,9,0,2,0
D2T1,limiar_ajustado,demanda_alta,40,9,0,31
D2T1,limiar_ajustado,freio_fora_faixa,30,2,2,4
D2T1,limiar_ajustado,frenagem,19,0,0,0
D2T1,limiar_ajustado,movimento,71,3,5,7
D2T1,limiar_ajustado,parado,9,0,2,0
D2T1,persistencia,demanda_alta,40,9,0,31
D2T1,persistencia,freio_fora_faixa,30,3,2,4
D2T1,persistencia,frenagem,19,0,0,0
D2T1,persistencia,movimento,71,2,7,5
D2T1,persistencia,parado,9,0,2,0
