ensaio,metodo,n,limiar,precisao,recall,f1,fp,fn,fp_min,avisos,avisos_falsos,avisos_falsos_min,episodios_reais,episodios_detectados,recall_episodios,antecedencia_confirmacao_mediana_s,antecedencia_decisao_correta_mediana_s,decisoes_positivas
D1T1A,persistencia,197,,0.6792452830188679,0.7346938775510204,0.7058823529411765,17,13,0.5177664974619289,24,8,0.24365482233502536,19,16,0.8421052631578947,0.0,0.0,53
D1T1A,limiar_050,197,0.5,0.625,0.8163265306122449,0.7079646017699115,24,9,0.7309644670050761,28,11,0.33502538071065985,19,17,0.8947368421052632,10.0,10.0,64
D1T1A,limiar_ajustado,197,0.65,0.6666666666666666,0.7346938775510204,0.6990291262135923,18,13,0.5482233502538071,26,9,0.27411167512690354,19,16,0.8421052631578947,5.0,5.0,54
D1T1B,persistencia,176,,0.75,0.6382978723404256,0.6896551724137931,10,17,0.34090909090909094,18,6,0.20454545454545456,16,11,0.6875,0.0,0.0,40
D1T1B,limiar_050,176,0.5,0.7346938775510204,0.7659574468085106,0.75,13,11,0.4431818181818182,21,7,0.23863636363636365,16,13,0.8125,0.0,0.0,49
D1T1B,limiar_ajustado,176,0.6,0.7291666666666666,0.7446808510638298,0.7368421052631579,13,12,0.4431818181818182,22,7,0.23863636363636365,16,13,0.8125,0.0,0.0,48
D1T2,persistencia,386,,0.7294117647058823,0.7469879518072289,0.7380952380952381,23,21,0.3575129533678757,41,10,0.15544041450777205,38,30,0.7894736842105263,10.0,10.0,85
D1T2,limiar_050,386,0.5,0.5806451612903226,0.8674698795180723,0.6956521739130435,52,11,0.8082901554404146,55,24,0.3730569948186529,38,32,0.8421052631578947,10.0,10.0,124
D1T2,limiar_ajustado,386,0.65,0.6633663366336634,0.8072289156626506,0.7282608695652174,34,16,0.5284974093264249,46,17,0.26424870466321243,38,30,0.7894736842105263,10.0,10.0,101
D2T1,persistencia,169,,0.7407407407407407,0.7843137254901961,0.7619047619047619,14,11,0.4970414201183432,20,3,0.10650887573964496,18,15,0.8333333333333334,10.0,10.0,54
D2T1,limiar_050,169,0.5,0.6619718309859155,0.9215686274509803,0.7704918032786885,24,4,0.8520710059171597,22,5,0.17751479289940827,18,18,1.0,10.0,10.0,71
D2T1,limiar_ajustado,169,0.6,0.75,0.8235294117647058,0.7850467289719626,14,9,0.4970414201183432,19,2,0.07100591715976332,18,16,0.8888888888888888,10.0,10.0,56
