Experimento;Pi;N_total;N_valid;N_NaN;Pct_valid
D1T1A;Pi_1;1984;1984;0;100,0
D1T1A;Pi_2;1984;1984;0;100,0
D1T1A;Pi_3;1984;1984;0;100,0
D1T1A;Pi_4;1984;1984;0;100,0
D1T1A;Pi_5;1984;0;1984;0,0
D1T1A;Pi_6;1984;1638;346;82,56048387096774
D1T1A;Pi_7;1984;1984;0;100,0
D1T1A;Pi_8;1984;1984;0;100,0
D1T1A;Pi_9;1984;1638;346;82,56048387096774
D1T1A;Pi_10;1984;1638;346;82,56048387096774
D1T1A;Pi_11;1984;1638;346;82,56048387096774
D1T1A;Pi_12;1984;1638;346;82,56048387096774
D1T1A;Pi_13;1984;1502;482;75,70564516129032
D1T1B;Pi_1;1776;1776;0;100,0
D1T1B;Pi_2;1776;1776;0;100,0
D1T1B;Pi_3;1776;1776;0;100,0
D1T1B;Pi_4;1776;1776;0;100,0
D1T1B;Pi_5;1776;0;1776;0,0
D1T1B;Pi_6;1776;1474;302;82,99549549549549
D1T1B;Pi_7;1776;1776;0;100,0
D1T1B;Pi_8;1776;1776;0;100,0
D1T1B;Pi_9;1776;1474;302;82,99549549549549
D1T1B;Pi_10;1776;1474;302;82,99549549549549
D1T1B;Pi_11;1776;1474;302;82,99549549549549
D1T1B;Pi_12;1776;1474;302;82,99549549549549
D1T1B;Pi_13;1776;1196;580;67,34234234234235
D1T2;Pi_1;3876;3876;0;100,0
D1T2;Pi_2;3876;3876;0;100,0
D1T2;Pi_3;3876;3876;0;100,0
D1T2;Pi_4;3876;3876;0;100,0
D1T2;Pi_5;3876;3285;591;84,75232198142415
D1T2;Pi_6;3876;3285;591;84,75232198142415
D1T2;Pi_7;3876;3876;0;100,0
D1T2;Pi_8;3876;3876;0;100,0
D1T2;Pi_9;3876;3285;591;84,75232198142415
D1T2;Pi_10;3876;3285;591;84,75232198142415
D1T2;Pi_11;3876;3285;591;84,75232198142415
D1T2;Pi_12;3876;3285;591;84,75232198142415
D1T2;Pi_13;3876;2783;1093;71,80082559339526
D2T1;Pi_1;1703;1703;0;100,0
D2T1;Pi_2;1703;1703;0;100,0
D2T1;Pi_3;1703;1703;0;100,0
D2T1;Pi_4;1703;1703;0;100,0
D2T1;Pi_5;1703;1596;107;93,71697005284791
D2T1;Pi_6;1703;1596;107;93,71697005284791
D2T1;Pi_7;1703;0;1703;0,0
D2T1;Pi_8;1703;1703;0;100,0
D2T1;Pi_9;1703;1596;107;93,71697005284791
D2T1;Pi_10;1703;1596;107;93,71697005284791
D2T1;Pi_11;1703;0;1703;0,0
D2T1;Pi_12;1703;0;1703;0,0
D2T1;Pi_13;1703;0;1703;0,0
