ensaio,metodo,n,mae,rmse,vies,total_real,total_previsto
D1T1A,modelo,65,195.6726422092408,255.93894100393427,17.32769198241536,20970.75,22097.049978856998
D1T1A,persistencia,65,264.8715384615385,377.39344186344636,-4.396153846153853,20970.75,20685.0
D1T1A,mediana_treino,65,218.72346153846155,313.42709312043064,-128.2519230769231,20970.75,12634.374999999998
D1T1B,modelo,58,220.34892842595002,296.48966343623414,-17.03538371463586,18022.55,17034.497744551118
D1T1B,persistencia,58,277.47155172413795,429.05572949049485,15.10258620689656,18022.55,18898.5
D1T1B,mediana_treino,58,250.97844827586204,334.13056766779056,-101.78362068965517,18022.55,12119.100000000002
D1T2,modelo,128,208.72394018822717,260.50159719623247,78.73569078250563,37064.7,47142.86842016072
D1T2,persistencia,128,222.74296875,327.743303528558,-1.2046874999999915,37064.7,36910.5
D1T2,mediana_treino,128,214.99765625,281.69187295529576,-55.76796875000002,37064.7,29926.40000000001
D2T1,modelo,56,207.69122523393844,267.39434950593346,-95.17509728387152,17687.449999999997,12357.644552103195
D2T1,persistencia,56,200.52589285714288,285.3822787852162,-39.68660714285715,17687.449999999997,15465.0
D2T1,mediana_treino,56,238.41160714285715,306.620691761126,-118.44732142857144,17687.449999999997,11054.399999999998
