Experimento,Temp,target_start,target_end,fuel_future_sum,modelo,persistencia,mediana_treino
D1T1A,10.0,11.0,40.0,218.1,257.2253427312946,67.5,194.37499999999997
D1T1A,40.0,41.0,70.0,184.20000000000002,473.35506716346146,220.5,194.37499999999997
D1T1A,70.0,71.0,100.0,145.65,155.91467797286663,0.0,194.37499999999997
D1T1A,100.0,101.0,130.0,14.35,381.2573578784893,64.5,194.37499999999997
D1T1A,130.0,131.0,160.0,125.94999999999999,190.76250607472247,0.0,194.37499999999997
D1T1A,160.0,161.0,190.0,590.75,538.793675569091,895.5,194.37499999999997
D1T1A,190.0,191.0,220.0,1091.55,733.7814024260183,964.5,194.37499999999997
D1T1A,220.0,221.0,250.0,592.5999999999999,675.530990687626,966.0000000000001,194.37499999999997
D1T1A,250.0,251.0,280.0,150.65,242.29420179191783,0.0,194.37499999999997
D1T1A,280.0,281.0,310.0,1045.3,373.56896958742493,0.0,194.37499999999997
D1T1A,310.0,311.0,340.0,205.35,709.6588381134234,1021.4999999999999,194.37499999999997
D1T1A,340.0,341.0,370.0,69.39999999999999,172.449070793496,72.0,194.37499999999997
D1T1A,370.0,371.0,400.0,68.0,224.88387401274142,67.5,194.37499999999997
D1T1A,400.0,401.0,430.0,613.4000000000001,335.759697188676,67.5,194.37499999999997
D1T1A,430.0,431.0,460.0,365.59999999999997,668.1074511862047,745.5,194.37499999999997
D1T1A,460.0,461.0,490.0,325.1500000000001,340.8196033883423,144.0,194.37499999999997
D1T1A,490.0,491.0,520.0,501.4500000000001,462.0287854234592,378.0,194.37499999999997
D1T1A,520.0,521.0,550.0,338.4,553.675034660818,444.0,194.37499999999997
D1T1A,550.0,551.0,580.0,208.95,150.5350184860477,0.0,194.37499999999997
D1T1A,580.0,581.0,610.0,0.0,228.2852688772834,0.0,194.37499999999997
D1T1A,610.0,611.0,640.0,150.49999999999997,0.0,0.0,194.37499999999997
D1T1A,640.0,641.0,670.0,64.45,284.31020478928025,228.0,194.37499999999997
D1T1A,670.0,671.0,700.0,125.25,233.7955496969265,72.0,194.37499999999997
D1T1A,700.0,701.0,730.0,713.1500000000001,348.5523095818812,459.0,194.37499999999997
D1T1A,730.0,731.0,760.0,1137.45,778.3761303761395,723.0,194.37499999999997
D1T1A,760.0,761.0,790.0,143.55,678.671382126224,1287.0,194.37499999999997
D1T1A,790.0,791.0,820.0,42.9,118.72941378201415,0.0,194.37499999999997
D1T1A,820.0,821.0,850.0,379.8,138.901419426137,121.5,194.37499999999997
D1T1A,850.0,851.0,880.0,688.6500000000001,856.2750776651649,1144.5,194.37499999999997
D1T1A,880.0,881.0,910.0,102.74999999999999,171.1971597317297,6.0,194.37499999999997
D1T1A,910.0,911.0,940.0,334.2,220.7726788728326,76.5,194.37499999999997
D1T1A,940.0,941.0,970.0,446.05,782.4664959265439,1332.0,194.37499999999997
D1T1A,970.0,971.0,1000.0,0.0,0.0,0.0,194.37499999999997
D1T1A,1000.0,1001.0,1030.0,27.399999999999995,100.5934463884366,0.0,194.37499999999997
D1T1A,1030.0,1031.0,1060.0,119.65,109.50739687303803,72.0,194.37499999999997
D1T1A,1060.0,1061.0,1090.0,202.2,0.0,0.0,194.37499999999997
D1T1A,1090.0,1091.0,1120.0,277.75,584.8104456951206,895.5,194.37499999999997
D1T1A,1120.0,1121.0,1150.0,615.3499999999999,597.1810281741778,1111.5,194.37499999999997
D1T1A,1150.0,1151.0,1180.0,13.600000000000001,96.81086081280637,0.0,194.37499999999997
D1T1A,1180.0,1181.0,1210.0,69.05,227.42041002584634,67.5,194.37499999999997
D1T1A,1210.0,1211.0,1240.0,394.45000000000005,167.79750944665116,69.0,194.37499999999997
D1T1A,1240.0,1241.0,1270.0,310.2,470.30255372843504,0.0,194.37499999999997
D1T1A,1270.0,1271.0,1300.0,21.650000000000006,116.15294086634876,0.0,194.37499999999997
D1T1A,1300.0,1301.0,1330.0,69.19999999999997,306.6887147681838,70.5,194.37499999999997
D1T1A,1330.0,1331.0,1360.0,197.05,269.3564005259625,69.0,194.37499999999997
D1T1A,1360.0,1361.0,1390.0,157.9,116.63710029682059,129.0,194.37499999999997
D1T1A,1390.0,1391.0,1420.0,298.0,323.89423109843716,117.0,194.37499999999997
D1T1A,1420.0,1421.0,1450.0,468.80000000000007,720.1629669403127,1162.5,194.37499999999997
D1T1A,1450.0,1451.0,1480.0,210.39999999999998,320.56235602592733,85.5,194.37499999999997
D1T1A,1480.0,1481.0,1510.0,327.45000000000005,308.19989517564574,411.0,194.37499999999997
D1T1A,1510.0,1511.0,1540.0,312.59999999999997,493.2205551090336,361.5,194.37499999999997
D1T1A,1540.0,1541.0,1570.0,630.4000000000002,351.63530834887115,253.49999999999997,194.37499999999997
D1T1A,1570.0,1571.0,1600.0,585.0000000000001,335.6684388791973,228.0,194.37499999999997
D1T1A,1600.0,1601.0,1630.0,623.55,168.90353746002717,505.50000000000006,194.37499999999997
D1T1A,1630.0,1631.0,1660.0,337.09999999999997,384.57072456378955,886.5,194.37499999999997
D1T1A,1660.0,1661.0,1690.0,79.0,383.2309280913024,79.5,194.37499999999997
D1T1A,1690.0,1691.0,1720.0,93.74999999999999,175.78824860205046,73.5,194.37499999999997
D1T1A,1720.0,1721.0,1750.0,1119.05,322.2666382420736,354.0,194.37499999999997
D1T1A,1750.0,1751.0,1780.0,783.8000000000002,278.09499676143116,67.5,194.37499999999997
D1T1A,1780.0,1781.0,1810.0,99.85000000000001,340.7349868029753,583.5,194.37499999999997
D1T1A,1810.0,1811.0,1840.0,168.45000000000002,413.36629767829254,78.0,194.37499999999997
D1T1A,1840.0,1841.0,1870.0,314.50000000000006,335.2079385438169,519.0,194.37499999999997
D1T1A,1870.0,1871.0,1900.0,276.9,336.83937282636646,489.0,194.37499999999997
D1T1A,1900.0,1901.0,1930.0,0.7,186.08191308481085,357.0,194.37499999999997
D1T1A,1930.0,1931.0,1960.0,582.5,274.6271810325322,21.0,194.37499999999997
D1T1B,10.0,11.0,40.0,372.40000000000003,448.30943844310144,529.5,208.95
D1T1B,40.0,41.0,70.0,317.95,479.6673124486591,490.50000000000006,208.95
D1T1B,70.0,71.0,100.0,91.3,112.58254555011904,0.0,208.95
D1T1B,100.0,101.0,130.0,8.25,49.01117019912902,0.0,208.95
D1T1B,130.0,131.0,160.0,71.70000000000002,70.48783803876131,73.5,208.95
D1T1B,160.0,161.0,190.0,370.0,215.99742359825143,72.0,208.95
D1T1B,190.0,191.0,220.0,94.40000000000002,225.84144219717095,0.0,208.95
D1T1B,220.0,221.0,250.0,0.0,260.56182047900774,0.0,208.95
D1T1B,250.0,251.0,280.0,40.949999999999996,123.03089853388683,0.0,208.95
D1T1B,280.0,281.0,310.0,75.39999999999999,235.53749544325348,67.5,208.95
D1T1B,310.0,311.0,340.0,69.89999999999998,397.318655299791,67.5,208.95
D1T1B,340.0,341.0,370.0,68.59999999999998,199.10808592475954,69.0,208.95
D1T1B,370.0,371.0,400.0,446.75,311.4915894477139,67.5,208.95
D1T1B,400.0,401.0,430.0,374.40000000000003,761.3810104131679,1249.5,208.95
D1T1B,430.0,431.0,460.0,9.25,102.83174863204854,0.0,208.95
D1T1B,460.0,461.0,490.0,70.19999999999999,0.0,70.5,208.95
D1T1B,490.0,491.0,520.0,172.15,241.10004745195872,69.0,208.95
D1T1B,520.0,521.0,550.0,149.4,214.3361848271572,264.0,208.95
D1T1B,550.0,551.0,580.0,426.75,544.8475537487958,285.0,208.95
D1T1B,580.0,581.0,610.0,462.55,656.3836820062955,1171.5,208.95
D1T1B,610.0,611.0,640.0,70.05,154.2651138414369,58.5,208.95
D1T1B,640.0,641.0,670.0,79.10000000000002,105.23411146041302,76.5,208.95
D1T1B,670.0,671.0,700.0,87.10000000000002,394.7090470815356,79.5,208.95
D1T1B,700.0,701.0,730.0,177.45000000000002,280.23830764795633,177.0,208.95
D1T1B,730.0,731.0,760.0,603.4,335.5562839535675,67.5,208.95
D1T1B,760.0,761.0,790.0,0.0,482.87310699984397,288.0,208.95
D1T1B,790.0,791.0,820.0,247.95000000000002,235.46209560380277,0.0,208.95
D1T1B,820.0,821.0,850.0,282.55,161.81717751043914,64.5,208.95
D1T1B,850.0,851.0,880.0,1096.3,716.2663036690263,1146.0,208.95
D1T1B,880.0,881.0,910.0,677.75,427.00637544334757,1306.5,208.95
D1T1B,910.0,911.0,940.0,758.9999999999999,13.650108956141326,0.0,208.95
D1T1B,940.0,941.0,970.0,0.0,273.13032590666194,0.0,208.95
D1T1B,970.0,971.0,1000.0,51.199999999999996,88.00610034014262,0.0,208.95
D1T1B,1000.0,1001.0,1030.0,511.6,380.75575625084656,69.0,208.95
D1T1B,1030.0,1031.0,1060.0,1228.3499999999997,139.67229330819458,0.0,208.95
D1T1B,1060.0,1061.0,1090.0,233.79999999999998,558.8936308058647,1495.5,208.95
D1T1B,1090.0,1091.0,1120.0,295.2,216.77015766615193,186.0,208.95
D1T1B,1120.0,1121.0,1150.0,36.35,244.19073731488112,0.0,208.95
D1T1B,1150.0,1151.0,1180.0,72.14999999999998,176.50485540668123,73.5,208.95
D1T1B,1180.0,1181.0,1210.0,140.75000000000003,229.99965573807148,70.5,208.95
D1T1B,1210.0,1211.0,1240.0,653.2,102.04958073455843,120.0,208.95
D1T1B,1240.0,1241.0,1270.0,274.5,407.37390853041575,898.5,208.95
D1T1B,1270.0,1271.0,1300.0,768.3499999999999,360.4912760906653,658.5,208.95
D1T1B,1300.0,1301.0,1330.0,898.5500000000002,547.1449085868895,685.5,208.95
D1T1B,1330.0,1331.0,1360.0,921.1999999999999,484.97872482247817,1360.5,208.95
D1T1B,1360.0,1361.0,1390.0,142.55,182.00880674433992,0.0,208.95
D1T1B,1390.0,1391.0,1420.0,36.99999999999999,427.9260876277699,931.5,208.95
D1T1B,1420.0,1421.0,1450.0,126.60000000000002,334.5794886426794,4.5,208.95
D1T1B,1450.0,1451.0,1480.0,0.05,313.5919116589485,177.0,208.95
D1T1B,1480.0,1481.0,1510.0,0.0,42.843114026950936,0.0,208.95
D1T1B,1510.0,1511.0,1540.0,573.0,172.2040536292728,0.0,208.95
D1T1B,1540.0,1541.0,1570.0,1081.75,625.1756423964729,1584.0,208.95
D1T1B,1570.0,1571.0,1600.0,586.65,667.5245972683525,1618.5,208.95
D1T1B,1600.0,1601.0,1630.0,0.0,148.71004470520472,0.0,208.95
D1T1B,1630.0,1631.0,1660.0,0.0,180.59075328165935,0.0,208.95
D1T1B,1660.0,1661.0,1690.0,622.3500000000001,66.61873784101878,0.0,208.95
D1T1B,1690.0,1691.0,1720.0,599.4999999999999,575.6091550147078,1155.0,208.95
D1T1B,1720.0,1721.0,1750.0,394.95000000000005,130.24946536070004,0.0,208.95
D1T2,9.0,10.0,39.0,213.25000000000003,562.5582891613642,175.5,233.79999999999998
D1T2,39.0,40.0,69.0,128.0,346.752156641126,0.0,233.79999999999998
D1T2,69.0,70.0,99.0,118.85,399.80340653324873,81.0,233.79999999999998
D1T2,99.0,100.0,129.0,315.04999999999995,407.37533428104746,0.0,233.79999999999998
D1T2,129.0,130.0,159.0,629.1999999999999,442.8590537772028,0.0,233.79999999999998
D1T2,159.0,160.0,189.0,797.55,758.264903407696,1638.0,233.79999999999998
D1T2,189.0,190.0,219.0,180.60000000000002,636.3091244479194,669.0,233.79999999999998
D1T2,219.0,220.0,249.0,414.6,207.71859686308102,0.0,233.79999999999998
D1T2,249.0,250.0,279.0,819.85,510.44684388974224,895.5,233.79999999999998
D1T2,279.0,280.0,309.0,151.45,191.7968946980148,0.0,233.79999999999998
D1T2,309.0,310.0,339.0,82.74999999999999,185.69105095339467,85.5,233.79999999999998
D1T2,339.0,340.0,369.0,361.0,263.88343204171906,69.0,233.79999999999998
D1T2,369.0,370.0,399.0,647.0999999999999,587.6232363691381,1077.0,233.79999999999998
D1T2,399.0,400.0,429.0,243.60000000000002,312.5458354072788,61.49999999999999,233.79999999999998
D1T2,429.0,430.0,459.0,423.9,665.0831472800616,705.0,233.79999999999998
D1T2,459.0,460.0,489.0,368.95,660.6079951944209,343.5,233.79999999999998
D1T2,489.0,490.0,519.0,27.200000000000003,123.6217416072637,0.0,233.79999999999998
D1T2,519.0,520.0,549.0,130.25,172.48448637742678,0.0,233.79999999999998
D1T2,549.0,550.0,579.0,25.200000000000003,128.14508826770557,0.0,233.79999999999998
D1T2,579.0,580.0,609.0,196.44999999999996,384.570848162031,352.5,233.79999999999998
D1T2,609.0,610.0,639.0,72.85,158.40883348044375,85.5,233.79999999999998
D1T2,639.0,640.0,669.0,508.65,287.9643085501385,69.0,233.79999999999998
D1T2,669.0,670.0,699.0,659.05,635.4210714378343,708.0,233.79999999999998
D1T2,699.0,700.0,729.0,775.15,747.3508332843851,1515.0,233.79999999999998
D1T2,729.0,730.0,759.0,28.45,326.0406034716593,0.0,233.79999999999998
D1T2,759.0,760.0,789.0,78.95000000000003,301.9433274602199,82.5,233.79999999999998
D1T2,789.0,790.0,819.0,31.3,290.33990168681373,72.0,233.79999999999998
D1T2,819.0,820.0,849.0,132.45,284.35939704582245,0.0,233.79999999999998
D1T2,849.0,850.0,879.0,146.15,271.45075958493953,147.0,233.79999999999998
D1T2,879.0,880.0,909.0,553.3,523.6676856259706,307.5,233.79999999999998
D1T2,909.0,910.0,939.0,223.74999999999994,304.46923097497586,264.0,233.79999999999998
D1T2,939.0,940.0,969.0,285.65,446.8579908484513,253.49999999999997,233.79999999999998
D1T2,969.0,970.0,999.0,349.59999999999997,625.5715288856044,705.0,233.79999999999998
D1T2,999.0,1000.0,1029.0,132.2,482.75692159267925,0.0,233.79999999999998
D1T2,1029.0,1030.0,1059.0,49.6,678.1518906518472,552.0,233.79999999999998
D1T2,1059.0,1060.0,1089.0,24.1,325.0751261567462,0.0,233.79999999999998
D1T2,1089.0,1090.0,1119.0,44.650000000000006,460.89243983157695,0.0,233.79999999999998
D1T2,1119.0,1120.0,1149.0,398.55000000000007,309.11359842303716,81.0,233.79999999999998
D1T2,1149.0,1150.0,1179.0,427.6499999999999,252.78900945546718,384.0,233.79999999999998
D1T2,1179.0,1180.0,1209.0,152.49999999999997,442.8423677177196,555.0,233.79999999999998
D1T2,1209.0,1210.0,1239.0,102.4,314.44993488159594,70.5,233.79999999999998
D1T2,1239.0,1240.0,1269.0,202.5,548.1180481678,634.5,233.79999999999998
D1T2,1269.0,1270.0,1299.0,192.29999999999998,424.8563892785198,69.0,233.79999999999998
D1T2,1299.0,1300.0,1329.0,73.94999999999999,203.60733036116875,70.5,233.79999999999998
D1T2,1329.0,1330.0,1359.0,273.49999999999994,243.95737711469255,78.0,233.79999999999998
D1T2,1359.0,1360.0,1389.0,128.0,290.46583548674823,462.0,233.79999999999998
D1T2,1389.0,1390.0,1419.0,41.95,568.3379961599223,345.0,233.79999999999998
D1T2,1419.0,1420.0,1449.0,60.54999999999998,254.86829451017238,0.0,233.79999999999998
D1T2,1449.0,1450.0,1479.0,217.55,284.165682526389,69.0,233.79999999999998
D1T2,1479.0,1480.0,1509.0,72.2,110.06572209550168,339.0,233.79999999999998
D1T2,1509.0,1510.0,1539.0,164.5,224.87352304569535,115.5,233.79999999999998
D1T2,1539.0,1540.0,1569.0,596.9000000000001,710.0621916971554,754.5,233.79999999999998
D1T2,1569.0,1570.0,1599.0,67.25,205.64637799399782,0.0,233.79999999999998
D1T2,1599.0,1600.0,1629.0,397.85,307.25618713926,70.5,233.79999999999998
D1T2,1629.0,1630.0,1659.0,177.25000000000003,298.76870777645905,6.0,233.79999999999998
D1T2,1659.0,1660.0,1689.0,358.75,311.64902153372395,135.0,233.79999999999998
D1T2,1689.0,1690.0,1719.0,860.2499999999999,643.5842570184433,718.5,233.79999999999998
D1T2,1719.0,1720.0,1749.0,504.75,296.069633172377,456.0,233.79999999999998
D1T2,1749.0,1750.0,1779.0,477.1,565.103883632321,603.0,233.79999999999998
D1T2,1779.0,1780.0,1809.0,70.85,283.41654927841,0.0,233.79999999999998
D1T2,1809.0,1810.0,1839.0,104.30000000000003,367.2615545261021,69.0,233.79999999999998
D1T2,1839.0,1840.0,1869.0,730.6,262.1572589967208,157.5,233.79999999999998
D1T2,1869.0,1870.0,1899.0,908.85,776.2927222651412,1458.0,233.79999999999998
D1T2,1899.0,1900.0,1929.0,398.54999999999995,337.96687711088146,0.0,233.79999999999998
D1T2,1929.0,1930.0,1959.0,182.70000000000005,223.05237808097297,0.0,233.79999999999998
D1T2,1959.0,1960.0,1989.0,109.2,51.94640171359326,241.50000000000003,233.79999999999998
D1T2,1989.0,1990.0,2019.0,434.54999999999995,532.3868975367502,546.0,233.79999999999998
D1T2,2019.0,2020.0,2049.0,121.75,508.97785026875897,831.0,233.79999999999998
D1T2,2049.0,2050.0,2079.0,226.70000000000002,164.1616537765848,0.0,233.79999999999998
D1T2,2079.0,2080.0,2109.0,652.15,518.0383935557647,694.5,233.79999999999998
D1T2,2109.0,2110.0,2139.0,72.7,168.669041978559,0.0,233.79999999999998
D1T2,2139.0,2140.0,2169.0,550.4499999999999,221.00834055627064,139.5,233.79999999999998
D1T2,2169.0,2170.0,2199.0,275.45,741.5512258180901,1114.5,233.79999999999998
D1T2,2199.0,2200.0,2229.0,100.65,295.13612914852183,0.0,233.79999999999998
D1T2,2229.0,2230.0,2259.0,25.550000000000008,330.57310224379023,0.0,233.79999999999998
D1T2,2259.0,2260.0,2289.0,109.4,274.27524932785906,70.5,233.79999999999998
D1T2,2289.0,2290.0,2319.0,135.29999999999998,357.81161740437926,316.5,233.79999999999998
D1T2,2319.0,2320.0,2349.0,82.0,250.04510871112115,0.0,233.79999999999998
D1T2,2349.0,2350.0,2379.0,0.0,147.62472065587068,0.0,233.79999999999998
D1T2,2379.0,2380.0,2409.0,71.2,228.24246666931253,0.0,233.79999999999998
D1T2,2409.0,2410.0,2439.0,224.64999999999998,241.87135861294138,136.5,233.79999999999998
D1T2,2439.0,2440.0,2469.0,309.4,355.51883016009333,108.0,233.79999999999998
D1T2,2469.0,2470.0,2499.0,22.950000000000003,306.35486326945517,0.0,233.79999999999998
D1T2,2499.0,2500.0,2529.0,74.0,421.46529489964956,85.5,233.79999999999998
D1T2,2529.0,2530.0,2559.0,197.39999999999998,233.99982495549497,76.5,233.79999999999998
D1T2,2559.0,2560.0,2589.0,166.6,448.1357902926546,256.5,233.79999999999998
D1T2,2589.0,2590.0,2619.0,516.4499999999999,408.22463726319285,199.5,233.79999999999998
D1T2,2619.0,2620.0,2649.0,339.35,575.9608027769773,1144.5,233.79999999999998
D1T2,2649.0,2650.0,2679.0,68.2,341.00836861176606,67.5,233.79999999999998
D1T2,2679.0,2680.0,2709.0,67.39999999999999,273.8755130153894,67.5,233.79999999999998
D1T2,2709.0,2710.0,2739.0,162.0,357.49223670976204,67.5,233.79999999999998
D1T2,2739.0,2740.0,2769.0,96.0,135.53422388844555,19.5,233.79999999999998
D1T2,2769.0,2770.0,2799.0,482.15000000000003,180.78145036241327,114.0,233.79999999999998
D1T2,2799.0,2800.0,2829.0,33.8,180.3917087313998,0.0,233.79999999999998
D1T2,2829.0,2830.0,2859.0,109.25,649.0319778336761,496.5,233.79999999999998
D1T2,2859.0,2860.0,2889.0,459.7,465.57947100223504,67.5,233.79999999999998
D1T2,2889.0,2890.0,2919.0,1152.6999999999998,542.5948576154174,1116.0,233.79999999999998
D1T2,2919.0,2920.0,2949.0,658.45,731.1432381508015,1105.5,233.79999999999998
D1T2,2949.0,2950.0,2979.0,419.3,565.1454048793433,1009.5,233.79999999999998
D1T2,2979.0,2980.0,3009.0,2.6,463.8024876036648,0.0,233.79999999999998
D1T2,3009.0,3010.0,3039.0,151.35,380.51900269339694,73.5,233.79999999999998
D1T2,3039.0,3040.0,3069.0,368.45000000000005,452.0464165924496,655.5,233.79999999999998
D1T2,3069.0,3070.0,3099.0,1179.7,619.1672179217791,348.0,233.79999999999998
D1T2,3099.0,3100.0,3129.0,313.6499999999999,722.38492114582,1393.5,233.79999999999998
D1T2,3129.0,3130.0,3159.0,0.0,104.45293411116283,0.0,233.79999999999998
D1T2,3159.0,3160.0,3189.0,56.0,264.5723699093065,0.0,233.79999999999998
D1T2,3189.0,3190.0,3219.0,219.69999999999996,314.44993488159594,70.5,233.79999999999998
D1T2,3219.0,3220.0,3249.0,900.1999999999997,188.41705420500705,307.5,233.79999999999998
D1T2,3249.0,3250.0,3279.0,777.95,551.0678143952434,976.4999999999999,233.79999999999998
D1T2,3279.0,3280.0,3309.0,523.25,187.20399635060147,0.0,233.79999999999998
D1T2,3309.0,3310.0,3339.0,84.95,356.6295539947027,79.5,233.79999999999998
D1T2,3339.0,3340.0,3369.0,623.3500000000001,279.67925258912084,76.5,233.79999999999998
D1T2,3369.0,3370.0,3399.0,701.8,611.1322179571509,1333.5,233.79999999999998
D1T2,3399.0,3400.0,3429.0,0.0,173.60345567212948,0.0,233.79999999999998
D1T2,3429.0,3430.0,3459.0,27.25,204.60935406643907,0.0,233.79999999999998
D1T2,3459.0,3460.0,3489.0,82.9,313.42843109189585,88.5,233.79999999999998
D1T2,3489.0,3490.0,3519.0,90.4,261.780176587269,67.5,233.79999999999998
D1T2,3519.0,3520.0,3549.0,62.349999999999994,47.96463947176371,0.0,233.79999999999998
D1T2,3549.0,3550.0,3579.0,18.450000000000003,193.487891429015,150.0,233.79999999999998
D1T2,3579.0,3580.0,3609.0,0.0,434.9848037367362,0.0,233.79999999999998
D1T2,3609.0,3610.0,3639.0,40.45,115.85799546285732,0.0,233.79999999999998
D1T2,3639.0,3640.0,3669.0,386.05,236.4179491980393,72.0,233.79999999999998
D1T2,3669.0,3670.0,3699.0,997.1,221.29013669800887,183.0,233.79999999999998
D1T2,3699.0,3700.0,3729.0,901.8,795.4939950066911,1498.5,233.79999999999998
D1T2,3729.0,3730.0,3759.0,0.0,187.07016906559363,0.0,233.79999999999998
D1T2,3759.0,3760.0,3789.0,2.0,467.408048629032,0.0,233.79999999999998
D1T2,3789.0,3790.0,3819.0,852.8,276.39052062704866,60.0,233.79999999999998
D1T2,3819.0,3820.0,3849.0,458.7,353.335601293476,769.5,233.79999999999998
D2T1,10.0,11.0,40.0,162.75,305.72671359829764,339.0,197.39999999999998
D2T1,40.0,41.0,70.0,452.59999999999997,318.27298212321114,472.5,197.39999999999998
D2T1,70.0,71.0,100.0,435.04999999999995,121.61353551661013,0.0,197.39999999999998
D2T1,100.0,101.0,130.0,411.65000000000003,154.21418480283822,0.0,197.39999999999998
D2T1,130.0,131.0,160.0,0.0,141.33677896968192,0.0,197.39999999999998
D2T1,160.0,161.0,190.0,1.7,52.467016679880906,0.0,197.39999999999998
D2T1,190.0,191.0,220.0,128.25,117.21382720816351,43.5,197.39999999999998
D2T1,220.0,221.0,250.0,433.70000000000005,278.5867546973435,99.0,197.39999999999998
D2T1,250.0,251.0,280.0,95.35000000000002,47.93454294116112,0.0,197.39999999999998
D2T1,280.0,281.0,310.0,596.15,205.13887949151894,327.0,197.39999999999998
D2T1,310.0,311.0,340.0,773.3500000000001,338.3301310992886,676.5,197.39999999999998
D2T1,340.0,341.0,370.0,189.95000000000005,411.8515865832476,573.0,197.39999999999998
D2T1,370.0,371.0,400.0,766.35,103.87876298745789,69.0,197.39999999999998
D2T1,400.0,401.0,430.0,407.59999999999997,194.95420839537135,591.0,197.39999999999998
D2T1,430.0,431.0,460.0,573.8000000000001,469.4074994558712,600.0,197.39999999999998
D2T1,460.0,461.0,490.0,390.34999999999997,423.9538035002869,544.5,197.39999999999998
D2T1,490.0,491.0,520.0,0.0,0.0,0.0,197.39999999999998
D2T1,520.0,521.0,550.0,69.75,260.5619378303153,0.0,197.39999999999998
D2T1,550.0,551.0,580.0,380.1,208.2853016323076,72.0,197.39999999999998
D2T1,580.0,581.0,610.0,0.0,14.95795291568779,0.0,197.39999999999998
D2T1,610.0,611.0,640.0,0.0,230.4860951185017,0.0,197.39999999999998
D2T1,640.0,641.0,670.0,0.0,363.74284841007466,0.0,197.39999999999998
D2T1,670.0,671.0,700.0,176.45,44.027026875932236,0.0,197.39999999999998
D2T1,700.0,701.0,730.0,188.1,102.49233333406472,0.0,197.39999999999998
D2T1,730.0,731.0,760.0,386.75000000000006,210.02921479100786,535.5,197.39999999999998
D2T1,760.0,761.0,790.0,61.85,186.09752371686758,204.0,197.39999999999998
D2T1,790.0,791.0,820.0,274.8,164.52126931485452,85.5,197.39999999999998
D2T1,820.0,821.0,850.0,78.75,81.71286527033597,643.5,197.39999999999998
D2T1,850.0,851.0,880.0,62.44999999999999,114.72778739146284,0.0,197.39999999999998
D2T1,880.0,881.0,910.0,83.45000000000003,206.1296732491843,64.5,197.39999999999998
D2T1,910.0,911.0,940.0,429.25,243.2529190078901,64.5,197.39999999999998
D2T1,940.0,941.0,970.0,572.5,81.29859829443477,0.0,197.39999999999998
D2T1,970.0,971.0,1000.0,5.25,0.0,0.0,197.39999999999998
D2T1,1000.0,1001.0,1030.0,368.5,138.54409060710634,157.5,197.39999999999998
D2T1,1030.0,1031.0,1060.0,297.54999999999995,258.61292669679574,486.0,197.39999999999998
D2T1,1060.0,1061.0,1090.0,513.75,91.53636825987343,0.0,197.39999999999998
D2T1,1090.0,1091.0,1120.0,937.4999999999999,499.34011616485014,1068.0,197.39999999999998
D2T1,1120.0,1121.0,1150.0,696.4500000000002,349.1264246793729,1128.0,197.39999999999998
D2T1,1150.0,1151.0,1180.0,332.4,384.2976831255769,231.0,197.39999999999998
D2T1,1180.0,1181.0,1210.0,551.9500000000002,490.31525130121713,441.0,197.39999999999998
D2T1,1210.0,1211.0,1240.0,720.8999999999999,166.23254565694637,903.0,197.39999999999998
D2T1,1240.0,1241.0,1270.0,1221.8500000000001,567.7353152416555,1144.5,197.39999999999998
D2T1,1270.0,1271.0,1300.0,863.9,298.82279357369896,810.0,197.39999999999998
D2T1,1300.0,1301.0,1330.0,86.85,346.6120466799222,867.0,197.39999999999998
D2T1,1330.0,1331.0,1360.0,255.35,254.75260587159707,0.0,197.39999999999998
D2T1,1360.0,1361.0,1390.0,430.25,62.2387839636236,0.0,197.39999999999998
D2T1,1390.0,1391.0,1420.0,377.7,523.4032142484002,1137.0,197.39999999999998
D2T1,1420.0,1421.0,1450.0,0.0,85.10531093356671,0.0,197.39999999999998
D2T1,1450.0,1451.0,1480.0,0.0,171.82380837456748,0.0,197.39999999999998
D2T1,1480.0,1481.0,1510.0,9.950000000000001,133.14531603014385,0.0,197.39999999999998
D2T1,1510.0,1511.0,1540.0,416.90000000000003,203.69562035677532,79.5,197.39999999999998
D2T1,1540.0,1541.0,1570.0,628.0999999999999,249.54164153589022,798.0,197.39999999999998
D2T1,1570.0,1571.0,1600.0,0.0,113.00098315093229,0.0,197.39999999999998
D2T1,1600.0,1601.0,1630.0,214.4,90.19651362259093,0.0,197.39999999999998
D2T1,1630.0,1631.0,1660.0,147.05,460.92896439958196,210.0,197.39999999999998
D2T1,1660.0,1661.0,1690.0,28.1,221.43167242535708,0.0,197.39999999999998
