ensaio,historico,pi6,score_interno,correcao
D1T1A,10,True,266.51684361733106,-12.0516844784843
D1T1A,10,False,264.67092699978156,-8.46258979849119
D1T1A,30,True,250.1845385525487,-28.652231261994817
D1T1A,30,False,249.3381123896933,-29.67477138748359
D1T1B,10,True,283.7696290736729,-0.6396433209796478
D1T1B,10,False,290.48858093498256,3.2445885469830773
D1T1B,30,True,302.06665301204225,-16.000613942020724
D1T1B,30,False,301.5775498093597,-17.840141443427118
D1T2,10,True,277.4256509132759,34.2874818583844
D1T2,10,False,284.5272389773966,39.743214856128986
D1T2,30,True,250.29755759650251,5.76865193350288
D1T2,30,False,250.73129276960125,3.3047148414087877
D2T1,10,True,231.62548567465728,-3.384588818431573
D2T1,10,False,227.9390697700397,-0.7242263412104147
D2T1,30,True,242.78606042135993,-18.95095605839264
D2T1,30,False,238.51914360325267,-17.954830022746968
