Experimento,metodo,contexto,n,vies,mae
D1T1A,mediana_treino,demanda_alta,14,-194.36428571428573,240.17857142857142
D1T1A,mediana_treino,freio_fora_faixa,13,-214.73076923076925,264.5846153846154
D1T1A,mediana_treino,frenagem,8,43.35624999999997,186.28124999999997
D1T1A,mediana_treino,movimento,17,-74.00000000000003,195.9470588235294
D1T1A,mediana_treino,parado,13,-199.61923076923082,261.6807692307692
D1T1A,persistencia,demanda_alta,14,619.0357142857143,619.0357142857143
D1T1A,persistencia,freio_fora_faixa,13,-68.94615384615385,258.0
D1T1A,persistencia,frenagem,8,-133.05625,133.05625
D1T1A,persistencia,movimento,17,-24.717647058823523,205.48235294117652
D1T1A,persistencia,parado,13,-299.95,303.4423076923077
D1T1A,selecionado_calibrado,demanda_alta,14,208.75164926471626,307.09697529902047
D1T1A,selecionado_calibrado,freio_fora_faixa,13,-156.85780878755247,204.58536117618704
D1T1A,selecionado_calibrado,frenagem,8,-42.11430284417358,147.1171902902423
D1T1A,selecionado_calibrado,movimento,17,3.5844723229787965,197.2443236670874
D1T1A,selecionado_calibrado,parado,13,-211.02653796143343,271.6250261086208
D1T1A,selecionado_sem_calibrar,demanda_alta,14,238.42642065219985,319.8147344650849
D1T1A,selecionado_sem_calibrar,freio_fora_faixa,13,-127.18303740006891,196.54842499298047
D1T1A,selecionado_sem_calibrar,frenagem,8,-12.439531456689988,150.1875237131548
D1T1A,selecionado_sem_calibrar,movimento,17,33.259243710462385,209.46334717958067
D1T1A,selecionado_sem_calibrar,parado,13,-181.35176657394985,269.3423513865066
D1T1B,mediana_treino,demanda_alta,10,-484.4599999999999,522.54
D1T1B,mediana_treino,freio_fora_faixa,11,-67.89318181818182,167.11590909090907
D1T1B,mediana_treino,frenagem,10,67.67500000000001,145.90500000000003
D1T1B,mediana_treino,movimento,20,-117.46249999999998,234.11749999999998
D1T1B,mediana_treino,parado,7,41.91785714285715,100.65357142857142
D1T1B,persistencia,demanda_alta,10,493.01500000000004,571.585
D1T1B,persistencia,freio_fora_faixa,11,-64.4909090909091,266.5272727272727
D1T1B,persistencia,frenagem,10,-92.15,92.65
D1T1B,persistencia,movimento,20,-178.2875,207.1375
D1T1B,persistencia,parado,7,-71.19285714285715,74.40714285714287
D1T1B,selecionado_calibrado,demanda_alta,10,-164.2247208233417,388.7525799265067
D1T1B,selecionado_calibrado,freio_fora_faixa,11,-51.4209076306304,214.07980686263735
D1T1B,selecionado_calibrado,frenagem,10,57.80921992667929,86.87239940034974
D1T1B,selecionado_calibrado,movimento,20,-51.73635243360718,168.84334213063218
D1T1B,selecionado_calibrado,parado,7,167.23259945403927,177.41017029440846
D1T1B,selecionado_sem_calibrar,demanda_alta,10,-163.58507750236203,388.75257992650666
D1T1B,selecionado_sem_calibrar,freio_fora_faixa,11,-50.78126430965076,214.1379562554537
D1T1B,selecionado_sem_calibrar,frenagem,10,58.384898915560974,87.32014972503548
D1T1B,selecionado_sem_calibrar,movimento,20,-51.09670911262753,168.84334213063224
D1T1B,selecionado_sem_calibrar,parado,7,167.87224277501895,177.8670583808225
D1T2,mediana_treino,demanda_alta,24,-425.3145833333333,476.2
D1T2,mediana_treino,freio_fora_faixa,21,-2.6821428571428703,124.59404761904761
D1T2,mediana_treino,frenagem,12,11.895833333333291,124.59166666666665
D1T2,mediana_treino,movimento,55,-40.98318181818183,187.75681818181826
D1T2,mediana_treino,parado,16,37.203125,90.390625
D1T2,persistencia,demanda_alta,24,343.04791666666665,417.2020833333333
D1T2,persistencia,freio_fora_faixa,21,0.38571428571428407,188.36190476190475
D1T2,persistencia,frenagem,12,-149.1791666666667,152.72083333333336
D1T2,persistencia,movimento,55,-55.558181818181815,177.9636363636364
D1T2,persistencia,parado,16,-90.15312499999999,94.990625
D1T2,selecionado_calibrado,demanda_alta,24,48.20670883890506,341.73261676853514
D1T2,selecionado_calibrado,freio_fora_faixa,21,155.904455585806,226.61244451758236
D1T2,selecionado_calibrado,frenagem,12,86.47092224715071,173.9462474583198
D1T2,selecionado_calibrado,movimento,55,84.47838632197302,203.17853665754103
D1T2,selecionado_calibrado,parado,16,156.48849417421235,156.48849417421232
D1T2,selecionado_sem_calibrar,demanda_alta,24,42.43805690540221,341.73261676853514
D1T2,selecionado_sem_calibrar,freio_fora_faixa,21,150.13580365230314,222.4919788507946
D1T2,selecionado_sem_calibrar,frenagem,12,80.70227031364783,171.06192149156837
D1T2,selecionado_sem_calibrar,movimento,55,78.70973438847015,200.975960464749
D1T2,selecionado_sem_calibrar,parado,16,150.71984224070945,150.71984224070945
D2T1,mediana_treino,demanda_alta,14,-348.58571428571435,399.2714285714286
D2T1,mediana_treino,freio_fora_faixa,10,-46.46500000000003,191.18499999999997
D2T1,mediana_treino,frenagem,8,-29.675000000000033,171.58749999999998
D2T1,mediana_treino,movimento,22,-84.0727272727273,193.7727272727273
D2T1,mediana_treino,parado,1,-112.20000000000005,112.20000000000005
D2T1,persistencia,demanda_alta,14,343.09999999999997,448.97142857142853
D2T1,persistencia,freio_fora_faixa,10,67.035,264.6449999999999
D2T1,persistencia,frenagem,8,-194.4625,194.4625
D2T1,persistencia,movimento,22,-45.9,155.75
D2T1,persistencia,parado,1,-224.3,224.3
D2T1,selecionado_calibrado,demanda_alta,14,-182.46053889888648,321.2047468150477
D2T1,selecionado_calibrado,freio_fora_faixa,10,-63.71767607348753,198.2493763621346
D2T1,selecionado_calibrado,frenagem,8,-63.285402591775544,137.38159396247826
D2T1,selecionado_calibrado,movimento,22,-70.94851795344722,184.67084787129335
D2T1,selecionado_calibrado,parado,1,-69.01789813152706,69.01789813152706
D2T1,selecionado_sem_calibrar,demanda_alta,14,-181.7363125576761,320.99782500327336
D2T1,selecionado_sem_calibrar,freio_fora_faixa,10,-63.06587236639815,198.17695372801353
D2T1,selecionado_sem_calibrar,frenagem,8,-62.561176250565126,137.38159396247823
D2T1,selecionado_sem_calibrar,movimento,22,-70.25721099138273,184.57208973385556
D2T1,selecionado_sem_calibrar,parado,1,-68.29367179031664,68.29367179031664
