ensaio,metodo,n,historico,pi6,mae,vies,total_real,total_previsto,erro_total_pct
D1T1A,persistencia,65,30,False,315.7369230769231,36.71076923076923,20887.8,23274.0,11.423893373165207
D1T1A,mediana_treino,65,30,False,231.15846153846158,-138.75076923076927,20887.8,11868.999999999996,-43.177357117551885
D1T1A,selecionado_sem_calibrar,65,30,False,235.3286687261943,-3.1860257093400817,20887.8,20680.708328892895,-0.9914479797159315
D1T1A,selecionado_calibrado,65,30,False,231.0797494392494,-32.86079709682366,20887.8,18751.848188706463,-10.225834273085422
D1T1B,persistencia,58,10,True,245.4784482758621,-13.187068965517236,17893.350000000002,17128.5,-4.2744930379163275
D1T1B,mediana_treino,58,10,True,239.82155172413792,-120.1810344827586,17893.350000000002,10922.850000000002,-38.95581319316952
D1T1B,selecionado_sem_calibrar,58,10,True,202.38243218282435,-25.128003036234258,17893.350000000002,16435.925823898415,-8.145060461576993
D1T1B,selecionado_calibrado,58,10,True,202.23906385225996,-25.756618024093573,17893.350000000002,16399.46615460257,-8.348821463825562
D1T2,persistencia,128,30,True,211.78867187499998,15.257421875000007,37261.549999999996,39214.5,5.241193670150612
D1T2,mediana_treino,128,30,True,213.384765625,-92.030859375,37261.549999999996,25481.599999999995,-31.614224314340124
D1T2,selecionado_sem_calibrar,128,30,True,221.81134935642888,92.81519807350783,37261.549999999996,49141.895353408996,31.883658498932554
D1T2,selecionado_calibrado,128,30,True,224.4252697637974,98.58385000701071,37261.549999999996,49880.28280089737,33.865292240653886
D2T1,persistencia,55,10,False,257.06454545454545,48.79909090909091,17587.05,20271.0,15.260944842938407
D2T1,mediana_treino,55,10,False,240.90090909090912,-137.16454545454548,17587.05,10043.0,-42.89548275577769
D2T1,selecionado_sem_calibrar,55,10,False,212.79402699928957,-96.17106951048551,17587.05,12297.641176923296,-30.075588703487533
D2T1,selecionado_calibrado,55,10,False,212.91253676421493,-96.8689603483792,17587.05,12259.25718083914,-30.29384017877279
