teste_externo,historico,pi6,validacao,treino
D1T1A,10,True,D1T1B,"D1T2,D2T1"
D1T1A,10,True,D1T2,"D1T1B,D2T1"
D1T1A,10,True,D2T1,"D1T1B,D1T2"
D1T1A,10,False,D1T1B,"D1T2,D2T1"
D1T1A,10,False,D1T2,"D1T1B,D2T1"
D1T1A,10,False,D2T1,"D1T1B,D1T2"
D1T1A,30,True,D1T1B,"D1T2,D2T1"
D1T1A,30,True,D1T2,"D1T1B,D2T1"
D1T1A,30,True,D2T1,"D1T1B,D1T2"
D1T1A,30,False,D1T1B,"D1T2,D2T1"
D1T1A,30,False,D1T2,"D1T1B,D2T1"
D1T1A,30,False,D2T1,"D1T1B,D1T2"
D1T1B,10,True,D1T1A,"D1T2,D2T1"
D1T1B,10,True,D1T2,"D1T1A,D2T1"
D1T1B,10,True,D2T1,"D1T1A,D1T2"
D1T1B,10,False,D1T1A,"D1T2,D2T1"
D1T1B,10,False,D1T2,"D1T1A,D2T1"
D1T1B,10,False,D2T1,"D1T1A,D1T2"
D1T1B,30,True,D1T1A,"D1T2,D2T1"
D1T1B,30,True,D1T2,"D1T1A,D2T1"
D1T1B,30,True,D2T1,"D1T1A,D1T2"
D1T1B,30,False,D1T1A,"D1T2,D2T1"
D1T1B,30,False,D1T2,"D1T1A,D2T1"
D1T1B,30,False,D2T1,"D1T1A,D1T2"
D1T2,10,True,D1T1A,"D1T1B,D2T1"
D1T2,10,True,D1T1B,"D1T1A,D2T1"
D1T2,10,True,D2T1,"D1T1A,D1T1B"
D1T2,10,False,D1T1A,"D1T1B,D2T1"
D1T2,10,False,D1T1B,"D1T1A,D2T1"
D1T2,10,False,D2T1,"D1T1A,D1T1B"
D1T2,30,True,D1T1A,"D1T1B,D2T1"
D1T2,30,True,D1T1B,"D1T1A,D2T1"
D1T2,30,True,D2T1,"D1T1A,D1T1B"
D1T2,30,False,D1T1A,"D1T1B,D2T1"
D1T2,30,False,D1T1B,"D1T1A,D2T1"
D1T2,30,False,D2T1,"D1T1A,D1T1B"
D2T1,10,True,D1T1A,"D1T1B,D1T2"
D2T1,10,True,D1T1B,"D1T1A,D1T2"
D2T1,10,True,D1T2,"D1T1A,D1T1B"
D2T1,10,False,D1T1A,"D1T1B,D1T2"
D2T1,10,False,D1T1B,"D1T1A,D1T2"
D2T1,10,False,D1T2,"D1T1A,D1T1B"
D2T1,30,True,D1T1A,"D1T1B,D1T2"
D2T1,30,True,D1T1B,"D1T1A,D1T2"
D2T1,30,True,D1T2,"D1T1A,D1T1B"
D2T1,30,False,D1T1A,"D1T1B,D1T2"
D2T1,30,False,D1T1B,"D1T1A,D1T2"
D2T1,30,False,D1T2,"D1T1A,D1T1B"
