ensaio,variavel,n,mae_modelo,mae_persistencia
D1T1A,Velo,1983,0.571855582187792,0.7604206064044378
D1T1A,n,1983,0.6465912594587518,0.7491143470479072
D1T1A,Tau,1983,76.56092739106369,77.60363086232981
D1T1A,Taccm,1983,2.364235145423707,2.524684820978316
D1T1B,Velo,1775,0.5748169433950687,0.7248327464788732
D1T1B,n,1775,0.6596010022224793,0.7656408451684505
D1T1B,Tau,1775,75.36236637531809,74.65464788732395
D1T1B,Taccm,1775,2.189135990896394,2.481915492957747
D1T2,Velo,3875,0.6329204543100183,0.7572883064516129
D1T2,n,3875,0.6178026883632438,0.6792150537550967
D1T2,Tau,3875,69.44719863468177,59.30941935483871
D1T2,Taccm,3875,1.9116014952827358,1.812232258064516
D2T1,Velo,1702,1.4413723617271508,0.6718704098119859
D2T1,n,1702,1.2522309371402112,0.5795289853866039
D2T1,Tau,1702,77.04257605298947,67.69447708578143
D2T1,Taccm,1702,2.2626443283986366,2.203819036427732
